status,month,credit_history,purpose,credit_amount,savings,employment,investment_as_income_percentage,personal_status,other_debtors,residence_since,property,age,installment_plans,housing,number_of_credits,skill_level,people_liable_for,telephone,foreign_worker,credit
1.0,-0.7445494290251102,4.0,3.0,-0.6653241479668871,3.0,3.0,3.0,0.0,0.0,4.0,2.0,0.0,2.0,0.0,1.0,2.0,1.0,1.0,0.0,1.0
0.0,-0.2486239656424879,2.0,3.0,0.12935106627897286,1.0,1.0,1.0,0.0,0.0,4.0,2.0,1.0,2.0,0.0,1.0,2.0,1.0,0.0,0.0,1.0
0.0,-1.2404748924077325,2.0,0.0,-0.6752222378240419,0.0,0.0,4.0,0.0,0.0,3.0,1.0,0.0,2.0,1.0,1.0,3.0,1.0,1.0,0.0,1.0
1.0,-0.4965866973337991,1.0,4.0,-0.6062891120331422,2.0,4.0,4.0,1.0,0.0,4.0,2.0,0.0,0.0,1.0,1.0,1.0,2.0,0.0,0.0,1.0
0.0,-0.7445494290251102,2.0,0.0,-0.7105725587424521,1.0,1.0,3.0,0.0,0.0,1.0,0.0,0.0,2.0,1.0,1.0,1.0,1.0,0.0,0.0,0.0
0.0,-0.2486239656424879,2.0,1.0,1.4942269569387885,0.0,4.0,1.0,1.0,0.0,4.0,1.0,0.0,2.0,2.0,1.0,2.0,2.0,1.0,0.0,0.0
0.0,0.2473014977401344,2.0,4.0,-0.4758464278442087,1.0,1.0,4.0,1.0,0.0,3.0,1.0,0.0,2.0,1.0,1.0,2.0,1.0,0.0,0.0,0.0
1.0,2.2310033512706235,4.0,1.0,2.9361665472007377,2.0,2.0,2.0,0.0,0.0,4.0,2.0,1.0,0.0,0.0,2.0,1.0,1.0,0.0,0.0,0.0
2.0,-0.2486239656424879,4.0,3.0,1.0876982663770716,1.0,4.0,2.0,1.0,0.0,1.0,3.0,0.0,2.0,1.0,1.0,2.0,1.0,1.0,0.0,1.0
1.0,0.2473014977401344,2.0,4.0,-0.35353431746650965,1.0,3.0,4.0,1.0,0.0,2.0,2.0,0.0,2.0,1.0,1.0,2.0,1.0,1.0,0.0,1.0
2.0,0.2473014977401344,2.0,4.0,-0.1371903534458396,2.0,1.0,2.0,1.0,0.0,1.0,2.0,0.0,2.0,1.0,1.0,2.0,1.0,0.0,0.0,1.0
1.0,1.239152424505379,2.0,9.0,1.45816962960201,0.0,4.0,3.0,1.0,0.0,2.0,1.0,0.0,2.0,1.0,2.0,2.0,1.0,0.0,0.0,1.0
2.0,0.2473014977401344,2.0,3.0,0.2732268724169021,1.0,3.0,3.0,1.0,0.0,3.0,2.0,0.0,2.0,1.0,1.0,2.0,1.0,1.0,0.0,0.0
2.0,0.4952642294314456,0.0,9.0,1.7795040467503582,1.0,4.0,2.0,0.0,0.0,4.0,3.0,0.0,2.0,2.0,2.0,3.0,1.0,1.0,0.0,0.0
1.0,-0.2486239656424879,0.0,9.0,0.31140521900878504,1.0,2.0,2.0,1.0,0.0,2.0,2.0,0.0,1.0,1.0,2.0,2.0,2.0,0.0,0.0,0.0
1.0,-0.0006612339511767568,2.0,0.0,-0.17748971929282714,3.0,3.0,1.0,0.0,0.0,2.0,2.0,0.0,0.0,1.0,1.0,3.0,1.0,0.0,0.0,1.0
3.0,0.2473014977401344,4.0,4.0,-0.048107544731446066,0.0,2.0,3.0,1.0,0.0,2.0,2.0,0.0,2.0,1.0,2.0,2.0,1.0,1.0,0.0,1.0
3.0,-0.7445494290251102,2.0,0.0,-0.6907763790281424,1.0,1.0,4.0,1.0,0.0,1.0,0.0,0.0,2.0,1.0,1.0,2.0,1.0,0.0,0.0,1.0
2.0,-0.9925121607164212,2.0,9.0,-0.6692126832679122,1.0,2.0,2.0,1.0,0.0,1.0,0.0,0.0,0.0,1.0,1.0,2.0,1.0,1.0,0.0,1.0
0.0,1.735077887888001,2.0,4.0,0.24070457717196475,1.0,1.0,4.0,1.0,0.0,3.0,2.0,0.0,2.0,1.0,1.0,2.0,1.0,0.0,0.0,0.0
1.0,-0.7445494290251102,4.0,4.0,-0.4772604406809451,1.0,4.0,2.0,1.0,0.0,2.0,3.0,0.0,2.0,1.0,2.0,2.0,1.0,0.0,0.0,1.0
1.0,0.2473014977401344,4.0,6.0,-0.43342604274211655,1.0,2.0,4.0,1.0,0.0,2.0,0.0,0.0,2.0,1.0,2.0,2.0,1.0,1.0,0.0,1.0
2.0,-0.2486239656424879,0.0,3.0,-0.014171236649772325,1.0,2.0,1.0,0.0,0.0,4.0,2.0,0.0,0.0,1.0,2.0,2.0,1.0,1.0,0.0,1.0
2.0,2.2310033512706235,0.0,9.0,3.1532175176397765,0.0,2.0,2.0,1.0,0.0,2.0,2.0,0.0,0.0,1.0,1.0,3.0,1.0,1.0,0.0,1.0
2.0,0.7432269611227567,4.0,3.0,1.803542264974877,1.0,3.0,2.0,1.0,0.0,2.0,1.0,0.0,2.0,1.0,1.0,2.0,1.0,0.0,0.0,0.0
2.0,0.2473014977401344,3.0,3.0,-0.33621266021648866,0.0,1.0,4.0,1.0,0.0,2.0,1.0,0.0,0.0,1.0,1.0,1.0,1.0,0.0,0.0,1.0
2.0,1.239152424505379,1.0,5.0,0.2495421574015673,0.0,1.0,3.0,0.0,0.0,2.0,3.0,0.0,0.0,1.0,1.0,0.0,1.0,0.0,0.0,1.0
1.0,1.239152424505379,2.0,0.0,-0.839601230094649,3.0,4.0,4.0,1.0,0.0,4.0,1.0,0.0,2.0,1.0,1.0,2.0,1.0,0.0,0.0,1.0
0.0,0.2473014977401344,2.0,3.0,0.31281923184552146,1.0,2.0,4.0,1.0,0.0,4.0,1.0,0.0,2.0,1.0,1.0,2.0,1.0,0.0,0.0,1.0
1.0,-0.9098579168193176,2.0,0.0,-0.6596680966199414,2.0,2.0,3.0,1.0,0.0,2.0,0.0,0.0,2.0,0.0,1.0,1.0,1.0,0.0,1.0,1.0
1.0,-0.2486239656424879,2.0,4.0,-1.0078687576662813,1.0,0.0,3.0,0.0,1.0,4.0,0.0,1.0,2.0,0.0,1.0,2.0,1.0,0.0,0.0,0.0
1.0,-1.2404748924077325,2.0,3.0,-0.10820309029274328,3.0,2.0,1.0,1.0,0.0,2.0,2.0,0.0,2.0,1.0,1.0,2.0,1.0,1.0,0.0,1.0
1.0,-0.4965866973337991,2.0,4.0,-0.6709801993138327,0.0,2.0,4.0,1.0,0.0,2.0,0.0,0.0,2.0,0.0,1.0,2.0,1.0,1.0,0.0,1.0
3.0,-0.4965866973337991,2.0,7.0,-0.4875120337472841,1.0,4.0,4.0,1.0,0.0,4.0,2.0,0.0,2.0,0.0,1.0,3.0,1.0,1.0,0.0,1.0
2.0,0.2473014977401344,2.0,4.0,-0.4401426037166145,1.0,1.0,1.0,1.0,0.0,1.0,1.0,1.0,2.0,1.0,1.0,2.0,1.0,1.0,0.0,0.0
1.0,-0.2486239656424879,4.0,3.0,-0.518620316155485,1.0,2.0,4.0,0.0,0.0,2.0,3.0,0.0,2.0,1.0,2.0,2.0,1.0,0.0,0.0,1.0
0.0,-0.2486239656424879,2.0,0.0,0.3874084089833668,2.0,2.0,3.0,1.0,0.0,4.0,2.0,0.0,2.0,1.0,1.0,1.0,2.0,1.0,0.0,1.0
2.0,0.2473014977401344,2.0,0.0,-0.6819387987985398,1.0,1.0,3.0,0.0,0.0,4.0,2.0,0.0,2.0,1.0,1.0,1.0,1.0,1.0,0.0,0.0
1.0,-0.2486239656424879,2.0,9.0,-0.4716043893339995,1.0,3.0,4.0,1.0,0.0,1.0,2.0,0.0,1.0,1.0,2.0,2.0,1.0,1.0,0.0,1.0
1.0,-0.2486239656424879,4.0,0.0,-0.17996424175711587,1.0,3.0,2.0,1.0,0.0,2.0,1.0,0.0,0.0,1.0,2.0,2.0,1.0,0.0,0.0,0.0
2.0,0.2473014977401344,4.0,2.0,3.0591856639968054,1.0,2.0,2.0,1.0,1.0,3.0,2.0,0.0,2.0,1.0,2.0,3.0,2.0,1.0,0.0,0.0
3.0,0.2473014977401344,4.0,0.0,-0.685827334099565,0.0,3.0,4.0,1.0,0.0,2.0,0.0,0.0,0.0,1.0,2.0,1.0,2.0,0.0,0.0,0.0
0.0,0.2473014977401344,2.0,3.0,-0.5433655407983721,1.0,1.0,4.0,1.0,1.0,1.0,1.0,1.0,2.0,1.0,1.0,1.0,1.0,0.0,1.0,1.0
1.0,0.2473014977401344,2.0,0.0,-0.668505676849544,1.0,2.0,2.0,1.0,2.0,2.0,0.0,0.0,2.0,1.0,1.0,2.0,1.0,1.0,0.0,1.0
1.0,-0.7445494290251102,3.0,1.0,-0.6296203238392928,1.0,2.0,4.0,1.0,0.0,4.0,0.0,0.0,2.0,0.0,1.0,2.0,1.0,0.0,0.0,1.0
0.0,1.239152424505379,2.0,3.0,0.6698574731214638,1.0,3.0,4.0,1.0,0.0,2.0,1.0,0.0,2.0,1.0,1.0,2.0,1.0,0.0,0.0,0.0
2.0,0.2473014977401344,2.0,0.0,-0.20011392468060965,1.0,2.0,3.0,0.0,0.0,4.0,1.0,1.0,2.0,0.0,1.0,1.0,1.0,1.0,0.0,0.0
0.0,-0.4965866973337991,0.0,0.0,-0.8251075985181009,1.0,4.0,4.0,1.0,0.0,3.0,2.0,0.0,2.0,0.0,2.0,2.0,2.0,0.0,0.0,0.0
0.0,-0.7445494290251102,2.0,3.0,1.6193670929899602,1.0,4.0,4.0,1.0,0.0,4.0,3.0,0.0,2.0,2.0,1.0,3.0,1.0,1.0,0.0,0.0
1.0,0.991189692814068,4.0,1.0,1.40302312896929,1.0,3.0,3.0,1.0,0.0,2.0,2.0,0.0,2.0,1.0,2.0,3.0,1.0,1.0,0.0,1.0
3.0,1.239152424505379,2.0,4.0,0.22232241029439148,1.0,2.0,2.0,1.0,0.0,2.0,0.0,1.0,2.0,1.0,1.0,2.0,1.0,1.0,0.0,1.0
1.0,-0.7445494290251102,4.0,4.0,-0.3369196666348569,0.0,4.0,1.0,1.0,1.0,4.0,0.0,0.0,2.0,1.0,1.0,2.0,1.0,1.0,0.0,1.0
3.0,-0.7445494290251102,2.0,3.0,-0.6575470773648369,0.0,4.0,3.0,0.0,0.0,4.0,0.0,0.0,2.0,1.0,1.0,3.0,1.0,1.0,0.0,1.0
1.0,0.2473014977401344,2.0,3.0,-0.832531165910967,0.0,3.0,4.0,1.0,0.0,2.0,2.0,0.0,1.0,1.0,1.0,2.0,1.0,1.0,0.0,1.0
1.0,-1.40578338020194,4.0,0.0,0.03390519979926546,1.0,3.0,1.0,0.0,0.0,1.0,0.0,0.0,2.0,1.0,1.0,2.0,2.0,0.0,0.0,1.0
1.0,-0.0006612339511767568,2.0,9.0,-0.6052286024055898,4.0,4.0,4.0,0.0,0.0,4.0,0.0,0.0,0.0,1.0,1.0,1.0,1.0,0.0,0.0,1.0
2.0,-0.7445494290251102,2.0,0.0,-0.7286012224108412,1.0,4.0,1.0,1.0,0.0,1.0,0.0,0.0,2.0,0.0,2.0,2.0,1.0,0.0,0.0,0.0
1.0,-0.9098579168193176,2.0,1.0,-0.1354228373999191,0.0,1.0,1.0,0.0,0.0,4.0,0.0,0.0,2.0,0.0,1.0,2.0,1.0,0.0,0.0,1.0
2.0,1.239152424505379,2.0,1.0,1.2952046501681391,1.0,2.0,2.0,1.0,0.0,2.0,2.0,0.0,2.0,0.0,1.0,3.0,1.0,1.0,0.0,1.0
1.0,0.2473014977401344,2.0,1.0,1.6013384293215709,1.0,3.0,3.0,1.0,0.0,3.0,2.0,0.0,2.0,1.0,1.0,3.0,1.0,1.0,0.0,1.0
0.0,0.2473014977401344,2.0,3.0,-0.09300245229782693,1.0,2.0,2.0,1.0,0.0,2.0,0.0,1.0,2.0,0.0,1.0,1.0,1.0,0.0,0.0,1.0
1.0,-0.7445494290251102,4.0,0.0,-0.9198464585794399,2.0,3.0,4.0,0.0,0.0,3.0,2.0,0.0,2.0,1.0,2.0,2.0,1.0,1.0,0.0,1.0
3.0,0.2473014977401344,4.0,9.0,-0.7102190555332679,4.0,2.0,2.0,1.0,0.0,4.0,0.0,0.0,2.0,1.0,2.0,2.0,1.0,1.0,0.0,1.0
1.0,0.2473014977401344,4.0,7.0,-0.5963910221759873,1.0,4.0,4.0,1.0,0.0,4.0,3.0,0.0,2.0,2.0,2.0,2.0,2.0,0.0,0.0,1.0
0.0,0.7432269611227567,0.0,9.0,1.692542257291069,0.0,1.0,2.0,1.0,0.0,3.0,2.0,0.0,0.0,1.0,3.0,2.0,1.0,0.0,0.0,1.0
2.0,-0.9925121607164212,2.0,3.0,-0.4433241325992714,0.0,3.0,2.0,1.0,0.0,1.0,2.0,1.0,2.0,1.0,1.0,2.0,1.0,1.0,0.0,1.0
0.0,1.239152424505379,2.0,0.0,-0.01240372060385182,1.0,3.0,2.0,1.0,0.0,4.0,3.0,0.0,0.0,2.0,1.0,3.0,2.0,1.0,0.0,1.0
1.0,-0.2486239656424879,2.0,6.0,-0.4740789117982882,1.0,1.0,4.0,0.0,0.0,4.0,0.0,1.0,2.0,1.0,1.0,2.0,1.0,0.0,0.0,0.0
1.0,0.7432269611227567,4.0,4.0,0.9438224602391424,1.0,3.0,3.0,1.0,1.0,2.0,2.0,0.0,2.0,1.0,1.0,2.0,1.0,0.0,0.0,1.0
2.0,-0.4965866973337991,1.0,0.0,-0.7141075908342931,2.0,2.0,2.0,1.0,0.0,2.0,1.0,0.0,2.0,0.0,1.0,2.0,1.0,0.0,0.0,0.0
0.0,-0.2486239656424879,4.0,3.0,-0.7901107808088749,1.0,1.0,4.0,0.0,0.0,4.0,1.0,1.0,2.0,0.0,1.0,2.0,1.0,0.0,0.0,1.0
1.0,-0.7445494290251102,2.0,3.0,-0.5472540760993972,1.0,3.0,3.0,0.0,0.0,4.0,0.0,0.0,2.0,1.0,1.0,1.0,1.0,0.0,0.0,1.0
1.0,1.239152424505379,4.0,4.0,2.220676051812117,1.0,2.0,2.0,0.0,0.0,2.0,2.0,0.0,1.0,1.0,2.0,2.0,1.0,0.0,0.0,1.0
1.0,-1.2404748924077325,4.0,0.0,1.2290995500507125,1.0,3.0,1.0,1.0,0.0,3.0,3.0,0.0,2.0,1.0,2.0,3.0,2.0,1.0,0.0,1.0
0.0,0.7432269611227567,4.0,1.0,2.594328943919712,1.0,4.0,3.0,1.0,0.0,4.0,3.0,0.0,2.0,2.0,3.0,3.0,2.0,1.0,0.0,1.0
2.0,-0.7445494290251102,2.0,8.0,-0.8943942275181848,0.0,4.0,4.0,1.0,0.0,4.0,1.0,0.0,2.0,1.0,2.0,2.0,1.0,0.0,0.0,1.0
1.0,-0.9098579168193176,4.0,3.0,-0.4023177603339157,1.0,1.0,1.0,0.0,0.0,3.0,0.0,1.0,2.0,0.0,2.0,2.0,1.0,0.0,0.0,1.0
1.0,-0.7445494290251102,2.0,0.0,-0.15026997218565136,0.0,0.0,4.0,1.0,0.0,4.0,3.0,0.0,2.0,1.0,1.0,3.0,1.0,1.0,0.0,1.0
3.0,0.2473014977401344,2.0,0.0,-0.8261681081456532,1.0,3.0,4.0,1.0,0.0,3.0,3.0,0.0,0.0,2.0,1.0,2.0,2.0,0.0,0.0,0.0
1.0,0.2473014977401344,4.0,0.0,-0.7059770170230587,4.0,4.0,4.0,0.0,0.0,4.0,0.0,0.0,2.0,1.0,2.0,2.0,1.0,1.0,0.0,1.0
2.0,-0.2486239656424879,2.0,4.0,-0.8548018680895654,1.0,2.0,4.0,1.0,2.0,2.0,0.0,0.0,2.0,1.0,1.0,1.0,1.0,0.0,0.0,1.0
3.0,-0.9098579168193176,2.0,0.0,0.23504852582501914,1.0,1.0,1.0,1.0,2.0,1.0,1.0,0.0,2.0,1.0,1.0,1.0,2.0,0.0,0.0,1.0
0.0,-0.7445494290251102,0.0,6.0,-0.7692540914670128,1.0,3.0,4.0,1.0,0.0,3.0,0.0,0.0,2.0,1.0,2.0,2.0,1.0,0.0,0.0,0.0
1.0,-0.7445494290251102,2.0,4.0,-0.6331553559311338,1.0,1.0,4.0,0.0,0.0,3.0,2.0,0.0,2.0,1.0,1.0,2.0,2.0,0.0,0.0,1.0
0.0,-0.7445494290251102,3.0,0.0,-0.685827334099565,1.0,2.0,4.0,1.0,0.0,2.0,0.0,0.0,2.0,1.0,2.0,1.0,2.0,0.0,0.0,1.0
0.0,-0.7445494290251102,2.0,3.0,-0.7052700106046905,1.0,2.0,4.0,1.0,2.0,1.0,1.0,1.0,2.0,1.0,1.0,1.0,1.0,0.0,0.0,1.0
1.0,-0.7445494290251102,2.0,1.0,-0.6614356126658619,4.0,3.0,3.0,1.0,0.0,2.0,1.0,0.0,2.0,1.0,1.0,2.0,1.0,0.0,1.0,1.0
1.0,-0.2486239656424879,2.0,1.0,0.033198193380897266,0.0,2.0,2.0,1.0,0.0,1.0,1.0,0.0,2.0,1.0,1.0,2.0,1.0,1.0,0.0,1.0
0.0,1.239152424505379,3.0,9.0,-0.4026712635430997,1.0,3.0,2.0,1.0,0.0,1.0,2.0,1.0,2.0,1.0,2.0,2.0,1.0,1.0,0.0,0.0
1.0,0.2473014977401344,2.0,1.0,0.7596472882542256,0.0,0.0,2.0,0.0,0.0,4.0,1.0,0.0,2.0,0.0,1.0,3.0,1.0,1.0,0.0,1.0
1.0,-0.7445494290251102,2.0,3.0,-0.7639515433292513,3.0,2.0,4.0,0.0,0.0,4.0,2.0,0.0,2.0,0.0,1.0,1.0,1.0,0.0,0.0,0.0
2.0,-0.9925121607164212,2.0,4.0,-0.9990311774366788,1.0,2.0,4.0,1.0,0.0,3.0,0.0,1.0,2.0,1.0,1.0,2.0,1.0,0.0,0.0,1.0
1.0,-1.40578338020194,2.0,3.0,-0.9484802185233524,1.0,1.0,1.0,0.0,0.0,3.0,0.0,1.0,2.0,0.0,1.0,1.0,2.0,0.0,0.0,1.0
3.0,-0.7445494290251102,2.0,4.0,-0.7024419849312177,1.0,2.0,3.0,1.0,0.0,4.0,0.0,1.0,2.0,0.0,1.0,2.0,1.0,0.0,0.0,1.0
1.0,-0.0006612339511767568,3.0,9.0,-0.24889736754801564,3.0,1.0,4.0,1.0,0.0,2.0,0.0,0.0,0.0,1.0,1.0,1.0,2.0,0.0,0.0,0.0
2.0,-0.9925121607164212,2.0,0.0,-1.0633687615081853,1.0,2.0,4.0,1.0,0.0,4.0,0.0,1.0,2.0,0.0,1.0,1.0,1.0,0.0,0.0,1.0
1.0,-1.2404748924077325,0.0,4.0,-1.0103432801305698,1.0,4.0,4.0,1.0,0.0,4.0,2.0,0.0,2.0,1.0,1.0,1.0,1.0,0.0,0.0,1.0
1.0,2.2310033512706235,2.0,9.0,0.5514338980447898,1.0,0.0,3.0,1.0,0.0,2.0,2.0,0.0,0.0,0.0,1.0,3.0,1.0,1.0,0.0,0.0
1.0,0.5779184733285493,4.0,4.0,-0.1912763444510071,1.0,4.0,4.0,1.0,0.0,2.0,2.0,0.0,2.0,1.0,2.0,2.0,1.0,0.0,0.0,1.0
2.0,-0.7445494290251102,4.0,0.0,-0.4556967449207149,2.0,1.0,4.0,1.0,0.0,1.0,2.0,0.0,2.0,1.0,1.0,2.0,1.0,0.0,0.0,1.0
0.0,-0.4965866973337991,2.0,3.0,-0.5087222262983302,1.0,1.0,4.0,0.0,2.0,1.0,1.0,0.0,2.0,0.0,1.0,2.0,1.0,0.0,0.0,1.0
1.0,0.2473014977401344,4.0,1.0,-0.3316171184970953,1.0,3.0,4.0,1.0,0.0,3.0,2.0,0.0,2.0,1.0,2.0,2.0,1.0,1.0,0.0,1.0
1.0,0.2473014977401344,2.0,0.0,-0.6398719169056317,2.0,1.0,4.0,1.0,0.0,3.0,0.0,0.0,2.0,1.0,1.0,2.0,1.0,1.0,0.0,1.0
2.0,-0.9925121607164212,2.0,4.0,-0.7784451749057995,1.0,4.0,4.0,1.0,0.0,4.0,2.0,0.0,2.0,1.0,2.0,1.0,1.0,0.0,0.0,1.0
0.0,1.735077887888001,2.0,3.0,1.6253766475460902,1.0,3.0,2.0,1.0,2.0,4.0,1.0,0.0,2.0,2.0,1.0,2.0,2.0,0.0,0.0,1.0
2.0,-0.7445494290251102,2.0,3.0,-0.09441646513456334,1.0,1.0,3.0,0.0,0.0,1.0,0.0,0.0,2.0,0.0,1.0,3.0,1.0,0.0,0.0,1.0
0.0,-0.7445494290251102,2.0,4.0,-0.6313878398852133,1.0,2.0,4.0,0.0,0.0,1.0,2.0,1.0,0.0,1.0,1.0,2.0,1.0,0.0,0.0,1.0
2.0,-1.2404748924077325,2.0,4.0,-0.431658526696196,1.0,1.0,4.0,1.0,0.0,3.0,2.0,0.0,2.0,0.0,1.0,3.0,1.0,1.0,0.0,1.0
1.0,-0.2486239656424879,4.0,4.0,-0.3697954650889783,1.0,2.0,2.0,0.0,0.0,1.0,2.0,0.0,2.0,1.0,2.0,2.0,1.0,0.0,0.0,1.0
2.0,-1.2404748924077325,2.0,4.0,-0.9523687538243774,1.0,1.0,3.0,1.0,0.0,3.0,0.0,0.0,2.0,1.0,1.0,1.0,1.0,0.0,1.0,1.0
0.0,2.14834910737352,2.0,0.0,2.629325761628938,1.0,1.0,1.0,0.0,0.0,1.0,0.0,0.0,2.0,1.0,1.0,1.0,1.0,1.0,0.0,1.0
2.0,1.239152424505379,2.0,4.0,0.5341122407947689,1.0,1.0,4.0,0.0,0.0,1.0,3.0,0.0,2.0,1.0,1.0,3.0,1.0,1.0,0.0,1.0
0.0,-0.2486239656424879,2.0,3.0,-0.4401426037166145,1.0,2.0,1.0,0.0,0.0,4.0,0.0,1.0,0.0,0.0,1.0,2.0,1.0,0.0,0.0,0.0
1.0,-0.7445494290251102,1.0,8.0,0.05758991481460025,3.0,2.0,4.0,0.0,0.0,3.0,0.0,0.0,2.0,1.0,1.0,1.0,2.0,0.0,0.0,1.0
0.0,0.2473014977401344,2.0,0.0,0.5418893113968192,1.0,3.0,2.0,1.0,1.0,3.0,1.0,0.0,2.0,1.0,1.0,2.0,1.0,1.0,0.0,0.0
1.0,0.2473014977401344,4.0,4.0,-0.2379387680633085,1.0,4.0,4.0,1.0,1.0,3.0,0.0,0.0,2.0,1.0,2.0,2.0,1.0,0.0,0.0,1.0
1.0,-0.5792409412309028,3.0,0.0,-0.8774260734773479,1.0,2.0,4.0,1.0,0.0,2.0,2.0,0.0,2.0,1.0,2.0,1.0,1.0,0.0,0.0,1.0
2.0,-0.2486239656424879,2.0,4.0,-0.7674865754210923,1.0,2.0,4.0,0.0,2.0,4.0,0.0,0.0,2.0,1.0,1.0,1.0,2.0,0.0,0.0,1.0
1.0,2.2310033512706235,3.0,4.0,1.3977205808315285,0.0,4.0,3.0,1.0,0.0,3.0,2.0,0.0,0.0,1.0,2.0,2.0,2.0,0.0,0.0,1.0
1.0,0.2473014977401344,2.0,4.0,0.05158036025847053,3.0,4.0,3.0,1.0,0.0,2.0,2.0,0.0,2.0,1.0,1.0,2.0,2.0,1.0,0.0,1.0
2.0,-0.2486239656424879,0.0,0.0,-0.35565533672161426,2.0,1.0,3.0,0.0,0.0,3.0,2.0,0.0,2.0,1.0,2.0,2.0,1.0,0.0,0.0,0.0
2.0,0.2473014977401344,2.0,1.0,-0.18526678989487735,0.0,4.0,4.0,1.0,0.0,4.0,3.0,0.0,0.0,2.0,1.0,2.0,1.0,1.0,0.0,1.0
2.0,0.2473014977401344,2.0,4.0,-0.06790372444575574,2.0,1.0,3.0,1.0,0.0,2.0,2.0,1.0,2.0,0.0,1.0,2.0,1.0,1.0,0.0,0.0
3.0,-1.2404748924077325,3.0,4.0,-0.919492955370256,1.0,1.0,2.0,0.0,0.0,1.0,1.0,0.0,0.0,1.0,1.0,2.0,1.0,0.0,0.0,1.0
1.0,-0.9098579168193176,2.0,0.0,-0.6981999464210085,0.0,2.0,4.0,1.0,2.0,4.0,1.0,0.0,2.0,1.0,1.0,1.0,1.0,0.0,0.0,0.0
1.0,-0.8272036729222141,4.0,0.0,-0.668505676849544,1.0,1.0,4.0,0.0,0.0,4.0,2.0,0.0,2.0,1.0,2.0,3.0,1.0,0.0,0.0,1.0
0.0,-1.2404748924077325,2.0,1.0,-0.6829993084260921,3.0,0.0,1.0,0.0,0.0,2.0,1.0,1.0,2.0,0.0,1.0,0.0,1.0,1.0,0.0,1.0
1.0,-0.2486239656424879,4.0,0.0,-0.620075737191322,1.0,2.0,3.0,1.0,0.0,2.0,1.0,0.0,0.0,1.0,2.0,2.0,1.0,0.0,0.0,0.0
0.0,-0.0006612339511767568,2.0,0.0,0.16929692891677628,0.0,3.0,2.0,1.0,1.0,2.0,0.0,1.0,2.0,1.0,1.0,1.0,1.0,0.0,1.0,1.0
2.0,-0.7445494290251102,2.0,4.0,-0.7749101428139584,1.0,2.0,4.0,0.0,2.0,4.0,0.0,0.0,2.0,1.0,2.0,2.0,1.0,1.0,0.0,1.0
1.0,-0.7445494290251102,2.0,1.0,-0.2966203007878693,0.0,1.0,2.0,1.0,0.0,4.0,2.0,0.0,2.0,0.0,1.0,2.0,1.0,1.0,0.0,1.0
1.0,0.2473014977401344,1.0,9.0,-0.6098241441249831,1.0,3.0,4.0,1.0,0.0,4.0,2.0,0.0,0.0,1.0,1.0,2.0,1.0,1.0,0.0,1.0
1.0,-0.4965866973337991,2.0,3.0,-0.20364895677245065,1.0,1.0,2.0,1.0,0.0,3.0,1.0,0.0,0.0,1.0,2.0,1.0,1.0,0.0,0.0,1.0
1.0,-0.0006612339511767568,0.0,0.0,0.607640908305062,0.0,2.0,1.0,0.0,0.0,4.0,1.0,0.0,0.0,1.0,2.0,2.0,1.0,1.0,0.0,0.0
0.0,1.239152424505379,2.0,3.0,-0.20223494393571426,1.0,4.0,2.0,1.0,0.0,2.0,1.0,0.0,0.0,1.0,1.0,2.0,2.0,0.0,0.0,0.0
1.0,0.2473014977401344,4.0,0.0,-0.4751394214258405,4.0,4.0,4.0,1.0,0.0,4.0,0.0,0.0,2.0,1.0,1.0,2.0,1.0,1.0,0.0,1.0
1.0,2.7269288146532458,0.0,1.0,2.1747206346181835,0.0,2.0,2.0,1.0,0.0,2.0,1.0,0.0,2.0,1.0,1.0,1.0,2.0,0.0,0.0,1.0
1.0,0.2473014977401344,2.0,0.0,-0.3637859105328486,0.0,1.0,4.0,1.0,0.0,1.0,1.0,0.0,2.0,1.0,1.0,2.0,1.0,0.0,0.0,1.0
0.0,0.2473014977401344,1.0,3.0,0.022946600314558318,3.0,1.0,4.0,1.0,0.0,4.0,3.0,0.0,2.0,2.0,1.0,2.0,2.0,1.0,0.0,0.0
0.0,-0.4965866973337991,2.0,0.0,-0.6649706447577031,1.0,2.0,2.0,0.0,0.0,4.0,2.0,0.0,2.0,0.0,1.0,2.0,1.0,0.0,0.0,1.0
2.0,-0.7445494290251102,2.0,0.0,1.4804403317806083,0.0,0.0,1.0,0.0,0.0,2.0,0.0,1.0,2.0,0.0,1.0,0.0,1.0,0.0,0.0,1.0
0.0,-0.7445494290251102,2.0,3.0,-0.5041266845789368,1.0,1.0,4.0,0.0,0.0,1.0,2.0,1.0,2.0,0.0,1.0,2.0,1.0,0.0,0.0,1.0
1.0,-0.0006612339511767568,2.0,1.0,0.6942491945551669,0.0,2.0,1.0,1.0,0.0,3.0,2.0,0.0,2.0,1.0,1.0,2.0,1.0,0.0,0.0,1.0
2.0,3.2228542780358684,2.0,0.0,3.797653867982393,1.0,3.0,4.0,1.0,0.0,2.0,3.0,0.0,2.0,1.0,1.0,3.0,1.0,1.0,0.0,0.0
1.0,-0.2486239656424879,3.0,3.0,-0.5218018450381419,1.0,3.0,4.0,0.0,0.0,1.0,0.0,1.0,2.0,1.0,1.0,2.0,1.0,0.0,0.0,0.0
1.0,0.2473014977401344,4.0,4.0,-0.6250247821198995,4.0,2.0,4.0,0.0,0.0,1.0,0.0,0.0,2.0,1.0,2.0,1.0,1.0,0.0,0.0,1.0
2.0,-0.4965866973337991,2.0,4.0,-0.8774260734773479,1.0,4.0,4.0,1.0,0.0,3.0,2.0,0.0,2.0,1.0,1.0,2.0,2.0,0.0,0.0,0.0
2.0,-0.7445494290251102,2.0,4.0,-0.939996141502934,1.0,1.0,4.0,1.0,2.0,1.0,0.0,0.0,0.0,1.0,1.0,1.0,1.0,0.0,0.0,1.0
1.0,0.7432269611227567,3.0,9.0,0.3492300623914839,2.0,2.0,2.0,1.0,0.0,2.0,1.0,0.0,2.0,1.0,2.0,1.0,1.0,0.0,0.0,1.0
1.0,-0.2486239656424879,2.0,3.0,-0.6190152275637698,1.0,1.0,4.0,1.0,1.0,1.0,1.0,0.0,2.0,1.0,1.0,1.0,2.0,0.0,0.0,0.0
0.0,-0.7445494290251102,2.0,3.0,-0.7077445330689792,1.0,2.0,2.0,0.0,0.0,4.0,2.0,1.0,2.0,0.0,1.0,2.0,1.0,0.0,0.0,0.0
1.0,1.239152424505379,2.0,4.0,-0.3482317693287481,3.0,4.0,4.0,1.0,0.0,4.0,2.0,0.0,2.0,1.0,1.0,2.0,1.0,0.0,0.0,1.0
1.0,-0.9098579168193176,2.0,0.0,-0.6787572699158829,1.0,2.0,2.0,0.0,0.0,4.0,2.0,0.0,2.0,1.0,1.0,2.0,1.0,1.0,0.0,1.0
2.0,-0.7445494290251102,2.0,3.0,-0.4815024791911544,1.0,2.0,4.0,1.0,0.0,2.0,1.0,0.0,2.0,1.0,1.0,1.0,1.0,0.0,0.0,0.0
0.0,-0.7445494290251102,2.0,8.0,-0.8420757525589377,1.0,3.0,4.0,1.0,0.0,4.0,1.0,1.0,2.0,0.0,1.0,2.0,1.0,0.0,0.0,0.0
2.0,1.9830406195793124,4.0,4.0,0.5167905835447479,1.0,1.0,4.0,1.0,0.0,2.0,1.0,0.0,2.0,1.0,2.0,1.0,1.0,0.0,0.0,0.0
2.0,1.239152424505379,0.0,4.0,0.18379056049332448,1.0,2.0,4.0,0.0,0.0,1.0,2.0,0.0,2.0,1.0,1.0,2.0,1.0,1.0,0.0,0.0
2.0,-1.2404748924077325,2.0,0.0,3.9843035624315983,0.0,0.0,1.0,1.0,0.0,2.0,1.0,1.0,2.0,1.0,1.0,0.0,1.0,1.0,0.0,0.0
0.0,1.9830406195793124,2.0,4.0,-0.5087222262983302,1.0,2.0,4.0,1.0,0.0,4.0,3.0,1.0,2.0,2.0,1.0,2.0,1.0,1.0,0.0,0.0
0.0,-0.7445494290251102,4.0,0.0,-0.39348018010431307,1.0,2.0,4.0,1.0,0.0,4.0,1.0,0.0,0.0,1.0,2.0,1.0,1.0,0.0,1.0,1.0
2.0,-0.2486239656424879,2.0,9.0,0.4082650983252288,1.0,4.0,1.0,1.0,1.0,1.0,0.0,0.0,0.0,1.0,1.0,3.0,1.0,1.0,0.0,1.0
1.0,2.2310033512706235,4.0,1.0,-0.1884483187775343,0.0,4.0,4.0,1.0,0.0,3.0,2.0,0.0,2.0,1.0,2.0,2.0,2.0,1.0,0.0,1.0
2.0,-0.4965866973337991,2.0,6.0,-0.6985534496301926,1.0,4.0,4.0,1.0,0.0,4.0,2.0,0.0,2.0,1.0,2.0,1.0,1.0,0.0,0.0,1.0
2.0,0.2473014977401344,2.0,3.0,-0.07603429825699007,2.0,4.0,4.0,1.0,0.0,4.0,3.0,0.0,2.0,2.0,1.0,2.0,1.0,0.0,0.0,1.0
2.0,-0.4965866973337991,2.0,6.0,-0.6257317885382677,2.0,2.0,4.0,1.0,2.0,2.0,0.0,1.0,2.0,1.0,1.0,2.0,1.0,0.0,0.0,1.0
2.0,-0.7445494290251102,2.0,3.0,-0.1845597834765092,0.0,4.0,1.0,0.0,0.0,2.0,1.0,0.0,0.0,1.0,1.0,2.0,1.0,1.0,0.0,0.0
2.0,-0.2486239656424879,2.0,4.0,-0.7010279720944813,1.0,4.0,4.0,1.0,2.0,2.0,0.0,0.0,2.0,1.0,1.0,1.0,1.0,0.0,0.0,1.0
1.0,-0.7445494290251102,2.0,7.0,-0.668505676849544,1.0,4.0,4.0,1.0,0.0,4.0,1.0,0.0,0.0,1.0,3.0,2.0,2.0,1.0,0.0,1.0
1.0,-0.7445494290251102,3.0,6.0,-0.6112381569617196,4.0,4.0,4.0,1.0,0.0,4.0,3.0,0.0,2.0,2.0,2.0,2.0,2.0,0.0,0.0,0.0
2.0,-0.7445494290251102,2.0,9.0,-0.863639448319168,2.0,3.0,2.0,0.0,0.0,4.0,0.0,1.0,2.0,0.0,1.0,1.0,1.0,0.0,0.0,1.0
2.0,3.2228542780358684,2.0,7.0,1.061892532106632,1.0,2.0,4.0,1.0,0.0,4.0,3.0,0.0,2.0,2.0,1.0,2.0,1.0,0.0,0.0,0.0
1.0,0.2473014977401344,2.0,4.0,-0.03644193882837071,1.0,1.0,4.0,0.0,0.0,4.0,1.0,0.0,2.0,1.0,1.0,2.0,1.0,1.0,0.0,1.0
0.0,-0.2486239656424879,2.0,3.0,0.3071631804985758,1.0,2.0,2.0,1.0,1.0,3.0,2.0,0.0,2.0,1.0,1.0,2.0,1.0,0.0,0.0,0.0
1.0,-1.2404748924077325,2.0,3.0,-0.5366489798238742,1.0,2.0,1.0,1.0,0.0,2.0,1.0,1.0,2.0,0.0,1.0,2.0,1.0,0.0,0.0,1.0
0.0,-0.2486239656424879,1.0,0.0,-0.651184019599523,1.0,3.0,4.0,1.0,0.0,4.0,3.0,0.0,2.0,2.0,2.0,1.0,2.0,0.0,0.0,0.0
0.0,1.4871151561966902,4.0,3.0,3.851386355778376,0.0,3.0,4.0,1.0,0.0,4.0,1.0,0.0,2.0,1.0,2.0,3.0,1.0,1.0,0.0,1.0
1.0,-1.2404748924077325,2.0,4.0,-0.6851203276811967,2.0,4.0,2.0,1.0,0.0,4.0,3.0,0.0,0.0,2.0,1.0,2.0,2.0,1.0,0.0,1.0
0.0,-0.9925121607164212,2.0,0.0,-0.6582540837832049,1.0,1.0,3.0,1.0,0.0,2.0,3.0,0.0,2.0,2.0,1.0,3.0,1.0,1.0,0.0,0.0
2.0,-0.0006612339511767568,2.0,9.0,-0.18279226743058868,2.0,4.0,4.0,1.0,0.0,2.0,2.0,0.0,0.0,0.0,2.0,1.0,1.0,0.0,0.0,0.0
0.0,1.239152424505379,2.0,1.0,0.7808574808052716,1.0,4.0,2.0,1.0,0.0,4.0,3.0,0.0,2.0,2.0,1.0,2.0,2.0,0.0,0.0,1.0
1.0,-0.7445494290251102,4.0,0.0,-0.6324483495127656,1.0,4.0,4.0,1.0,0.0,1.0,0.0,0.0,2.0,1.0,2.0,1.0,2.0,0.0,0.0,1.0
2.0,1.735077887888001,4.0,9.0,0.9438224602391424,1.0,3.0,2.0,0.0,0.0,1.0,0.0,0.0,0.0,1.0,2.0,1.0,1.0,0.0,0.0,1.0
0.0,0.7432269611227567,2.0,1.0,0.20252623058008185,1.0,2.0,4.0,1.0,0.0,4.0,1.0,0.0,2.0,1.0,1.0,3.0,1.0,1.0,0.0,1.0
2.0,-0.7445494290251102,4.0,1.0,-0.5034196781605687,1.0,0.0,4.0,1.0,0.0,2.0,2.0,0.0,2.0,1.0,2.0,3.0,1.0,1.0,0.0,1.0
3.0,1.239152424505379,2.0,4.0,0.4202842074374883,1.0,4.0,4.0,1.0,0.0,2.0,2.0,0.0,2.0,1.0,1.0,2.0,1.0,0.0,0.0,1.0
1.0,-1.2404748924077325,2.0,3.0,0.4690676503048942,1.0,1.0,1.0,0.0,0.0,4.0,1.0,0.0,2.0,1.0,1.0,2.0,1.0,0.0,0.0,0.0
2.0,0.7432269611227567,2.0,0.0,-0.4009037474971792,1.0,2.0,4.0,0.0,2.0,2.0,3.0,1.0,0.0,1.0,1.0,2.0,1.0,0.0,0.0,0.0
1.0,-0.7445494290251102,2.0,0.0,-0.9346935933651724,1.0,2.0,4.0,1.0,0.0,2.0,0.0,0.0,2.0,1.0,1.0,1.0,1.0,0.0,0.0,1.0
0.0,0.2473014977401344,2.0,4.0,-0.5164992969003803,1.0,0.0,4.0,1.0,0.0,2.0,2.0,0.0,1.0,1.0,1.0,3.0,2.0,0.0,0.0,0.0
1.0,-0.9925121607164212,2.0,5.0,-0.7240056806914479,1.0,1.0,1.0,0.0,0.0,4.0,0.0,1.0,2.0,0.0,1.0,2.0,1.0,1.0,0.0,1.0
2.0,-0.0006612339511767568,3.0,0.0,-0.32914259603280666,1.0,2.0,1.0,1.0,0.0,4.0,1.0,0.0,2.0,1.0,2.0,2.0,1.0,0.0,0.0,1.0
2.0,-1.1578206485106288,2.0,4.0,-0.25031138038475204,1.0,2.0,2.0,1.0,2.0,2.0,0.0,0.0,2.0,1.0,1.0,2.0,1.0,0.0,0.0,1.0
2.0,-0.4965866973337991,4.0,9.0,-0.3386871826807774,3.0,2.0,2.0,1.0,0.0,4.0,2.0,0.0,0.0,1.0,1.0,2.0,1.0,0.0,0.0,1.0
0.0,-0.2486239656424879,2.0,0.0,-0.7310757448751299,1.0,1.0,4.0,0.0,0.0,3.0,2.0,1.0,2.0,0.0,1.0,2.0,1.0,1.0,0.0,0.0
1.0,0.2473014977401344,2.0,0.0,-0.7194101389720545,1.0,1.0,4.0,1.0,0.0,2.0,0.0,0.0,2.0,1.0,1.0,2.0,1.0,0.0,0.0,1.0
1.0,1.239152424505379,2.0,0.0,-0.07249926616514905,0.0,2.0,4.0,1.0,0.0,4.0,0.0,0.0,2.0,1.0,1.0,2.0,1.0,0.0,0.0,1.0
1.0,-1.2404748924077325,4.0,4.0,-0.9134834008141262,0.0,4.0,4.0,1.0,0.0,4.0,3.0,0.0,2.0,2.0,2.0,2.0,1.0,0.0,0.0,1.0
2.0,-0.7445494290251102,0.0,8.0,-0.6624961222934143,1.0,2.0,2.0,1.0,0.0,2.0,0.0,0.0,2.0,1.0,1.0,1.0,1.0,1.0,0.0,1.0
2.0,1.4871151561966902,4.0,4.0,0.5828956836621749,1.0,3.0,2.0,1.0,2.0,2.0,0.0,0.0,2.0,1.0,2.0,2.0,1.0,0.0,0.0,0.0
1.0,-0.9925121607164212,2.0,0.0,0.10354533200853344,2.0,2.0,1.0,1.0,2.0,2.0,0.0,0.0,2.0,0.0,1.0,2.0,2.0,0.0,1.0,1.0
0.0,2.2310033512706235,0.0,3.0,1.3556536989386203,1.0,2.0,3.0,1.0,0.0,4.0,3.0,0.0,2.0,2.0,2.0,2.0,2.0,0.0,0.0,0.0
0.0,-0.4965866973337991,3.0,3.0,0.12687654381468413,1.0,4.0,1.0,0.0,0.0,4.0,1.0,0.0,2.0,1.0,2.0,1.0,1.0,0.0,0.0,1.0
1.0,1.239152424505379,3.0,4.0,0.4167491753456473,1.0,2.0,4.0,1.0,0.0,2.0,2.0,0.0,2.0,1.0,2.0,3.0,1.0,1.0,0.0,0.0
2.0,-0.08331547784828047,3.0,2.0,-0.2315757102979947,1.0,2.0,2.0,1.0,0.0,3.0,2.0,0.0,0.0,1.0,2.0,2.0,1.0,1.0,0.0,1.0
1.0,-0.7445494290251102,4.0,4.0,-0.9764069720488964,3.0,4.0,4.0,1.0,0.0,4.0,1.0,0.0,2.0,1.0,2.0,2.0,2.0,1.0,0.0,1.0
1.0,-0.2486239656424879,2.0,3.0,0.04875233458499772,1.0,4.0,4.0,1.0,0.0,4.0,1.0,0.0,0.0,1.0,3.0,2.0,2.0,1.0,0.0,1.0
1.0,0.2473014977401344,4.0,9.0,0.4390198775242457,1.0,2.0,3.0,1.0,0.0,2.0,0.0,0.0,2.0,1.0,1.0,3.0,1.0,1.0,0.0,1.0
2.0,1.239152424505379,2.0,0.0,3.218615611338835,0.0,2.0,1.0,1.0,0.0,4.0,3.0,0.0,2.0,2.0,1.0,2.0,1.0,1.0,0.0,0.0
2.0,2.2310033512706235,4.0,3.0,0.6405167067591834,1.0,2.0,2.0,0.0,0.0,3.0,2.0,0.0,2.0,1.0,1.0,3.0,1.0,1.0,0.0,0.0
1.0,0.2473014977401344,4.0,4.0,0.6429912292234721,1.0,1.0,3.0,1.0,0.0,3.0,3.0,0.0,2.0,2.0,3.0,2.0,1.0,1.0,0.0,1.0
1.0,0.2473014977401344,4.0,3.0,0.6596058800551249,1.0,4.0,4.0,1.0,0.0,4.0,2.0,0.0,2.0,1.0,1.0,2.0,1.0,1.0,0.0,1.0
2.0,0.2473014977401344,3.0,4.0,1.102545401162804,1.0,1.0,1.0,1.0,0.0,2.0,2.0,0.0,2.0,1.0,1.0,2.0,1.0,0.0,0.0,1.0
0.0,-0.7445494290251102,2.0,4.0,-0.3782795421093968,1.0,2.0,4.0,1.0,0.0,3.0,1.0,1.0,2.0,1.0,1.0,1.0,1.0,0.0,0.0,1.0
1.0,-0.7445494290251102,4.0,6.0,-0.8088464508956322,0.0,3.0,4.0,0.0,0.0,4.0,0.0,1.0,2.0,1.0,2.0,2.0,1.0,0.0,0.0,1.0
1.0,0.2473014977401344,4.0,1.0,-0.3842890966655265,0.0,3.0,4.0,1.0,0.0,4.0,2.0,0.0,2.0,1.0,2.0,2.0,2.0,1.0,0.0,1.0
0.0,0.2473014977401344,1.0,3.0,-0.28318717883887345,3.0,2.0,4.0,1.0,0.0,4.0,0.0,1.0,1.0,1.0,1.0,2.0,1.0,1.0,0.0,1.0
0.0,0.2473014977401344,1.0,2.0,-0.6808782891709875,0.0,4.0,4.0,1.0,0.0,3.0,2.0,0.0,1.0,1.0,1.0,3.0,1.0,1.0,0.0,0.0
2.0,-0.9925121607164212,4.0,7.0,-0.7593560016098581,4.0,4.0,4.0,1.0,0.0,3.0,3.0,0.0,2.0,2.0,2.0,2.0,2.0,0.0,0.0,0.0
1.0,-0.7445494290251102,4.0,7.0,-0.4496871903645852,0.0,3.0,4.0,0.0,0.0,2.0,2.0,0.0,2.0,1.0,1.0,2.0,1.0,0.0,0.0,1.0
1.0,0.2473014977401344,3.0,0.0,-0.4426171261809032,1.0,4.0,4.0,1.0,0.0,4.0,3.0,0.0,2.0,2.0,2.0,2.0,1.0,1.0,0.0,1.0
0.0,0.2473014977401344,2.0,0.0,-0.6762827474515942,0.0,2.0,4.0,0.0,0.0,4.0,0.0,0.0,2.0,0.0,1.0,2.0,1.0,0.0,0.0,0.0
1.0,-0.2486239656424879,3.0,9.0,-0.3941871865226813,1.0,2.0,4.0,1.0,0.0,2.0,2.0,0.0,2.0,1.0,1.0,2.0,1.0,1.0,0.0,0.0
0.0,-1.2404748924077325,4.0,4.0,-1.0414515625387708,3.0,4.0,4.0,1.0,0.0,4.0,2.0,0.0,2.0,1.0,2.0,2.0,1.0,0.0,0.0,1.0
1.0,1.239152424505379,2.0,3.0,2.7184085703433314,1.0,0.0,4.0,0.0,0.0,2.0,2.0,0.0,2.0,1.0,2.0,3.0,1.0,1.0,0.0,0.0
1.0,-0.2486239656424879,4.0,3.0,0.175306483472906,1.0,1.0,3.0,1.0,0.0,2.0,2.0,0.0,2.0,1.0,2.0,3.0,1.0,1.0,0.0,1.0
2.0,-0.9925121607164212,2.0,7.0,-0.7370852994312597,1.0,3.0,4.0,0.0,0.0,4.0,1.0,0.0,2.0,1.0,2.0,3.0,1.0,1.0,0.0,1.0
0.0,-0.2486239656424879,2.0,0.0,-0.3659069297879532,2.0,3.0,4.0,1.0,0.0,3.0,2.0,0.0,2.0,1.0,1.0,3.0,2.0,1.0,0.0,1.0
2.0,-0.2486239656424879,2.0,0.0,1.0519944422494774,1.0,3.0,3.0,1.0,0.0,3.0,0.0,0.0,2.0,0.0,1.0,1.0,1.0,0.0,0.0,1.0
1.0,0.2473014977401344,2.0,4.0,0.9399339249381172,0.0,1.0,1.0,0.0,0.0,1.0,2.0,0.0,2.0,1.0,2.0,2.0,1.0,1.0,0.0,0.0
2.0,-0.7445494290251102,2.0,0.0,-0.9187859489518876,1.0,3.0,2.0,1.0,0.0,3.0,2.0,0.0,0.0,1.0,1.0,1.0,1.0,0.0,0.0,0.0
1.0,-0.9925121607164212,2.0,4.0,-0.6384579040688954,1.0,3.0,4.0,1.0,0.0,2.0,2.0,1.0,2.0,1.0,1.0,2.0,1.0,0.0,0.0,0.0
1.0,0.2473014977401344,3.0,9.0,1.896160105781112,1.0,1.0,2.0,1.0,0.0,2.0,2.0,0.0,0.0,1.0,2.0,2.0,1.0,1.0,0.0,0.0
0.0,0.4952642294314456,0.0,9.0,0.7101568389684514,1.0,0.0,2.0,1.0,0.0,4.0,1.0,0.0,1.0,1.0,2.0,2.0,1.0,1.0,0.0,0.0
1.0,0.7432269611227567,2.0,4.0,-0.33621266021648866,3.0,4.0,4.0,1.0,0.0,2.0,2.0,0.0,0.0,1.0,1.0,3.0,1.0,0.0,0.0,1.0
0.0,-1.075166404613525,4.0,0.0,0.04026825756457929,1.0,3.0,1.0,1.0,0.0,4.0,0.0,0.0,2.0,1.0,2.0,1.0,1.0,0.0,1.0,1.0
0.0,-0.2486239656424879,2.0,5.0,-0.7307222416659458,1.0,2.0,4.0,1.0,0.0,3.0,0.0,0.0,2.0,1.0,1.0,1.0,1.0,1.0,0.0,0.0
0.0,-0.7445494290251102,2.0,5.0,-0.8989897692375781,2.0,0.0,4.0,0.0,0.0,3.0,1.0,1.0,2.0,1.0,1.0,2.0,1.0,0.0,0.0,0.0
1.0,-0.4965866973337991,2.0,3.0,-0.3881776319665516,0.0,3.0,1.0,0.0,0.0,4.0,0.0,0.0,0.0,0.0,1.0,1.0,1.0,0.0,0.0,1.0
1.0,-0.7445494290251102,2.0,4.0,-0.42812349460435495,2.0,2.0,4.0,0.0,1.0,2.0,0.0,0.0,2.0,1.0,1.0,2.0,1.0,0.0,0.0,1.0
1.0,0.2473014977401344,4.0,1.0,0.2679243242791406,0.0,3.0,3.0,1.0,0.0,4.0,1.0,0.0,2.0,1.0,2.0,2.0,1.0,1.0,0.0,1.0
3.0,-0.7445494290251102,2.0,4.0,0.04062176077376338,0.0,4.0,2.0,1.0,0.0,3.0,2.0,0.0,2.0,1.0,1.0,3.0,1.0,0.0,0.0,1.0
3.0,-1.2404748924077325,4.0,0.0,-0.6932509014924311,2.0,4.0,2.0,1.0,0.0,4.0,2.0,0.0,2.0,1.0,2.0,2.0,2.0,1.0,0.0,1.0
1.0,-0.7445494290251102,2.0,9.0,-0.7805661941609041,1.0,2.0,2.0,1.0,0.0,2.0,0.0,0.0,2.0,1.0,1.0,2.0,1.0,1.0,1.0,1.0
0.0,-0.2486239656424879,2.0,4.0,-0.4956426075585184,1.0,2.0,4.0,0.0,0.0,4.0,2.0,0.0,0.0,0.0,2.0,2.0,1.0,0.0,0.0,0.0
1.0,-1.2404748924077325,2.0,0.0,0.08268864266667145,1.0,2.0,2.0,1.0,2.0,3.0,1.0,0.0,2.0,0.0,1.0,2.0,1.0,0.0,0.0,1.0
0.0,0.7432269611227567,2.0,3.0,0.11945297642181801,4.0,4.0,4.0,0.0,0.0,4.0,1.0,0.0,2.0,0.0,2.0,2.0,1.0,1.0,0.0,1.0
1.0,-1.2404748924077325,3.0,9.0,-0.5447795536351084,2.0,2.0,1.0,1.0,0.0,2.0,0.0,0.0,2.0,1.0,2.0,1.0,1.0,0.0,0.0,1.0
2.0,0.7432269611227567,4.0,0.0,0.3410994885802496,1.0,0.0,4.0,1.0,0.0,2.0,2.0,0.0,2.0,1.0,2.0,3.0,1.0,0.0,0.0,0.0
0.0,0.2473014977401344,3.0,0.0,0.5606249814835765,1.0,2.0,3.0,1.0,0.0,4.0,3.0,0.0,2.0,2.0,2.0,2.0,2.0,0.0,0.0,0.0
2.0,0.2473014977401344,2.0,3.0,0.3771568159170279,0.0,2.0,1.0,0.0,0.0,4.0,1.0,0.0,2.0,1.0,1.0,1.0,1.0,1.0,0.0,1.0
0.0,0.2473014977401344,1.0,9.0,-0.043512003012052734,1.0,2.0,4.0,1.0,0.0,2.0,1.0,0.0,2.0,0.0,1.0,2.0,1.0,1.0,0.0,0.0
2.0,-0.9925121607164212,2.0,0.0,-0.03149289389979329,0.0,2.0,1.0,0.0,0.0,2.0,0.0,0.0,2.0,1.0,1.0,1.0,1.0,0.0,0.0,1.0
2.0,-0.7445494290251102,2.0,4.0,1.1255231097597704,0.0,0.0,2.0,1.0,0.0,1.0,3.0,0.0,2.0,1.0,1.0,3.0,1.0,1.0,0.0,0.0
2.0,2.2310033512706235,3.0,2.0,1.5193256847908596,2.0,0.0,2.0,1.0,0.0,4.0,3.0,0.0,2.0,2.0,1.0,3.0,1.0,1.0,0.0,1.0
2.0,-0.4965866973337991,4.0,4.0,-0.19657889258876865,0.0,3.0,4.0,1.0,2.0,2.0,0.0,0.0,0.0,1.0,3.0,2.0,1.0,1.0,0.0,1.0
0.0,0.2473014977401344,2.0,2.0,-0.5405375151248992,1.0,4.0,4.0,0.0,2.0,4.0,0.0,0.0,2.0,1.0,1.0,1.0,1.0,1.0,0.0,1.0
0.0,0.2473014977401344,2.0,3.0,1.5684626308674496,0.0,1.0,1.0,0.0,0.0,2.0,1.0,0.0,2.0,1.0,1.0,2.0,1.0,1.0,1.0,1.0
0.0,0.2473014977401344,4.0,1.0,-0.11562665768560942,1.0,4.0,4.0,1.0,0.0,4.0,1.0,0.0,2.0,1.0,2.0,2.0,1.0,1.0,0.0,1.0
0.0,-0.7445494290251102,0.0,4.0,1.0304307464892473,1.0,2.0,4.0,1.0,0.0,2.0,1.0,0.0,2.0,0.0,2.0,2.0,1.0,1.0,0.0,0.0
2.0,-0.2486239656424879,4.0,9.0,-0.4938750915125979,0.0,2.0,4.0,1.0,0.0,4.0,0.0,0.0,0.0,1.0,2.0,2.0,1.0,0.0,0.0,1.0
2.0,1.239152424505379,2.0,4.0,-0.3397476923083297,1.0,3.0,4.0,1.0,0.0,4.0,2.0,1.0,2.0,0.0,1.0,2.0,1.0,0.0,0.0,1.0
0.0,-0.7445494290251102,2.0,7.0,-0.9191394521610718,1.0,2.0,4.0,1.0,0.0,4.0,2.0,0.0,2.0,0.0,1.0,1.0,2.0,0.0,0.0,0.0
0.0,-1.075166404613525,4.0,2.0,-0.7494579117527032,1.0,4.0,3.0,1.0,0.0,4.0,3.0,0.0,0.0,2.0,2.0,3.0,2.0,1.0,0.0,1.0
0.0,-1.2404748924077325,2.0,0.0,-0.926916522763122,1.0,1.0,3.0,1.0,0.0,4.0,0.0,0.0,2.0,1.0,1.0,1.0,2.0,1.0,0.0,1.0
0.0,-0.5792409412309028,2.0,0.0,2.012816164811865,1.0,4.0,1.0,1.0,0.0,4.0,1.0,0.0,2.0,1.0,1.0,3.0,1.0,1.0,1.0,0.0
1.0,-0.7445494290251102,4.0,3.0,-0.47690693747176094,1.0,4.0,4.0,1.0,0.0,4.0,0.0,0.0,2.0,1.0,3.0,2.0,1.0,1.0,0.0,1.0
2.0,-0.2486239656424879,3.0,9.0,-0.30298335855318315,0.0,4.0,4.0,1.0,0.0,2.0,1.0,0.0,2.0,1.0,2.0,2.0,1.0,0.0,0.0,1.0
0.0,0.2473014977401344,2.0,1.0,-0.1668846230173041,0.0,4.0,2.0,0.0,0.0,4.0,0.0,0.0,2.0,0.0,1.0,2.0,1.0,0.0,0.0,1.0
1.0,-0.0006612339511767568,3.0,3.0,-0.5985120414310919,2.0,3.0,4.0,1.0,0.0,3.0,0.0,0.0,2.0,1.0,2.0,3.0,1.0,0.0,0.0,1.0
2.0,-1.2404748924077325,2.0,6.0,-1.000445190273415,1.0,1.0,3.0,1.0,0.0,1.0,1.0,1.0,2.0,1.0,1.0,1.0,1.0,0.0,0.0,1.0
2.0,1.239152424505379,2.0,7.0,3.297446826986889,2.0,2.0,1.0,1.0,0.0,4.0,3.0,0.0,2.0,2.0,1.0,2.0,2.0,1.0,0.0,0.0
1.0,-0.2486239656424879,2.0,3.0,-0.4595852802217401,1.0,2.0,4.0,1.0,0.0,4.0,3.0,0.0,0.0,2.0,2.0,2.0,1.0,0.0,0.0,1.0
1.0,-0.9098579168193176,2.0,8.0,-0.8449037782324106,0.0,3.0,4.0,0.0,0.0,3.0,1.0,0.0,2.0,1.0,1.0,2.0,1.0,1.0,0.0,1.0
0.0,-0.2486239656424879,2.0,4.0,-0.2418273033643336,1.0,2.0,4.0,1.0,0.0,4.0,3.0,0.0,2.0,2.0,2.0,2.0,1.0,0.0,0.0,0.0
2.0,0.2473014977401344,2.0,1.0,2.925561450925215,1.0,2.0,1.0,0.0,0.0,4.0,2.0,1.0,2.0,0.0,2.0,3.0,1.0,0.0,0.0,0.0
2.0,2.2310033512706235,2.0,3.0,2.3599563162306527,1.0,1.0,1.0,0.0,0.0,2.0,2.0,0.0,2.0,1.0,1.0,2.0,1.0,1.0,0.0,0.0
1.0,-0.7445494290251102,4.0,4.0,-0.5758878360433094,1.0,4.0,2.0,1.0,0.0,4.0,0.0,0.0,2.0,1.0,2.0,1.0,1.0,1.0,0.0,1.0
1.0,-0.2486239656424879,4.0,4.0,-0.6016935703137488,4.0,4.0,4.0,1.0,0.0,4.0,2.0,0.0,2.0,1.0,2.0,2.0,1.0,0.0,0.0,1.0
1.0,1.239152424505379,4.0,1.0,2.74668882707806,0.0,2.0,4.0,1.0,0.0,2.0,2.0,0.0,2.0,1.0,1.0,3.0,1.0,1.0,0.0,1.0
0.0,-0.4965866973337991,2.0,0.0,0.2385835579168601,1.0,2.0,3.0,0.0,0.0,2.0,1.0,0.0,2.0,1.0,1.0,2.0,1.0,1.0,0.0,0.0
1.0,1.239152424505379,2.0,4.0,0.1947491599780316,0.0,4.0,2.0,0.0,0.0,4.0,0.0,0.0,2.0,1.0,1.0,1.0,1.0,1.0,0.0,1.0
1.0,-0.9098579168193176,2.0,3.0,-0.3796935549461332,1.0,2.0,2.0,1.0,0.0,2.0,0.0,0.0,0.0,0.0,1.0,1.0,1.0,0.0,0.0,0.0
1.0,-0.9098579168193176,2.0,0.0,-0.5963910221759873,3.0,2.0,3.0,1.0,0.0,2.0,3.0,0.0,2.0,0.0,1.0,1.0,2.0,0.0,1.0,1.0
2.0,-0.2486239656424879,4.0,0.0,-0.7876362583445862,1.0,4.0,3.0,1.0,2.0,3.0,0.0,0.0,0.0,1.0,2.0,2.0,1.0,0.0,0.0,0.0
0.0,-0.7445494290251102,2.0,0.0,-0.8427827589773059,0.0,2.0,4.0,1.0,0.0,2.0,2.0,1.0,2.0,1.0,1.0,2.0,1.0,0.0,0.0,0.0
1.0,-1.1578206485106288,3.0,4.0,-0.8618719322732474,0.0,4.0,3.0,1.0,0.0,4.0,3.0,0.0,2.0,2.0,1.0,2.0,1.0,0.0,0.0,1.0
2.0,-0.7445494290251102,2.0,0.0,-0.8654069643650885,2.0,1.0,4.0,0.0,0.0,2.0,1.0,1.0,0.0,1.0,1.0,1.0,1.0,0.0,0.0,0.0
0.0,1.239152424505379,2.0,0.0,2.116392605102807,1.0,3.0,2.0,1.0,0.0,1.0,2.0,1.0,2.0,1.0,1.0,2.0,1.0,1.0,0.0,0.0
3.0,-0.0006612339511767568,4.0,7.0,-0.3411617051450661,1.0,1.0,2.0,1.0,0.0,1.0,2.0,0.0,2.0,0.0,1.0,2.0,1.0,0.0,0.0,0.0
1.0,-1.2404748924077325,0.0,0.0,-0.7353177833853392,2.0,2.0,4.0,1.0,0.0,1.0,3.0,0.0,0.0,0.0,1.0,2.0,1.0,0.0,1.0,1.0
2.0,0.2473014977401344,2.0,0.0,-0.7204706485996069,1.0,1.0,4.0,1.0,0.0,2.0,0.0,1.0,1.0,1.0,1.0,1.0,1.0,0.0,0.0,0.0
1.0,-1.2404748924077325,2.0,7.0,-0.6172477115178493,1.0,1.0,1.0,0.0,0.0,2.0,3.0,0.0,2.0,1.0,1.0,2.0,1.0,0.0,0.0,1.0
2.0,1.239152424505379,3.0,0.0,-0.14920946255809905,2.0,4.0,4.0,1.0,0.0,3.0,3.0,0.0,2.0,2.0,1.0,2.0,1.0,0.0,0.0,1.0
1.0,3.2228542780358684,3.0,4.0,4.372450086115742,1.0,3.0,2.0,1.0,0.0,4.0,2.0,1.0,2.0,1.0,2.0,2.0,1.0,1.0,0.0,1.0
1.0,-0.7445494290251102,4.0,9.0,-0.3507062917930368,1.0,0.0,4.0,1.0,0.0,2.0,2.0,0.0,1.0,1.0,2.0,3.0,1.0,1.0,0.0,0.0
2.0,-0.7445494290251102,2.0,3.0,-0.8247540953089167,2.0,1.0,4.0,0.0,0.0,4.0,2.0,0.0,0.0,0.0,4.0,2.0,1.0,0.0,0.0,0.0
2.0,0.2473014977401344,2.0,0.0,0.08056762341156684,2.0,3.0,2.0,1.0,0.0,3.0,2.0,0.0,0.0,1.0,2.0,2.0,1.0,1.0,0.0,1.0
1.0,-0.9098579168193176,2.0,0.0,-0.7059770170230587,0.0,4.0,4.0,1.0,1.0,2.0,1.0,0.0,2.0,1.0,1.0,1.0,1.0,0.0,1.0,1.0
0.0,2.2310033512706235,2.0,0.0,0.2286854680597053,1.0,3.0,4.0,1.0,0.0,4.0,3.0,0.0,2.0,2.0,1.0,2.0,2.0,0.0,0.0,0.0
0.0,-0.2486239656424879,3.0,7.0,1.8335900377555256,0.0,2.0,1.0,0.0,0.0,2.0,2.0,1.0,2.0,0.0,2.0,2.0,1.0,1.0,0.0,1.0
1.0,-1.2404748924077325,4.0,4.0,-0.7236521774822637,2.0,2.0,1.0,0.0,0.0,1.0,1.0,0.0,2.0,1.0,2.0,2.0,1.0,0.0,0.0,1.0
1.0,0.2473014977401344,3.0,0.0,-0.2637445023337479,1.0,4.0,4.0,1.0,0.0,4.0,2.0,0.0,2.0,1.0,2.0,1.0,2.0,0.0,0.0,0.0
2.0,-0.9925121607164212,2.0,0.0,-0.6133591762168241,0.0,1.0,4.0,1.0,0.0,2.0,0.0,0.0,2.0,1.0,1.0,0.0,1.0,0.0,0.0,1.0
2.0,0.2473014977401344,2.0,4.0,0.1675294128708558,3.0,0.0,1.0,0.0,0.0,4.0,3.0,1.0,2.0,0.0,1.0,0.0,1.0,0.0,0.0,1.0
0.0,-0.0006612339511767568,2.0,4.0,-0.5122572583901711,1.0,2.0,3.0,0.0,0.0,2.0,0.0,0.0,2.0,1.0,2.0,2.0,1.0,1.0,0.0,0.0
0.0,-0.2486239656424879,2.0,3.0,-0.2867222109307145,1.0,0.0,4.0,1.0,0.0,1.0,2.0,0.0,2.0,1.0,1.0,0.0,1.0,0.0,0.0,0.0
0.0,1.239152424505379,4.0,1.0,2.2429467539907146,1.0,3.0,4.0,1.0,0.0,4.0,2.0,1.0,2.0,1.0,2.0,2.0,1.0,1.0,0.0,0.0
1.0,-0.9925121607164212,2.0,3.0,-0.6967859335842721,1.0,4.0,1.0,1.0,0.0,4.0,2.0,1.0,2.0,1.0,1.0,2.0,1.0,0.0,0.0,1.0
1.0,-0.7445494290251102,4.0,4.0,-0.8321776627017831,0.0,4.0,4.0,1.0,0.0,4.0,0.0,0.0,2.0,1.0,4.0,2.0,1.0,0.0,0.0,1.0
2.0,-0.7445494290251102,0.0,3.0,-0.1113846191754002,1.0,1.0,4.0,0.0,0.0,3.0,1.0,0.0,2.0,0.0,2.0,2.0,1.0,0.0,0.0,0.0
2.0,4.214705204801113,2.0,4.0,0.8169148081420501,2.0,2.0,2.0,1.0,0.0,2.0,2.0,1.0,2.0,1.0,1.0,2.0,1.0,0.0,0.0,0.0
0.0,-0.9098579168193176,2.0,4.0,-0.3425757179818025,1.0,4.0,3.0,1.0,0.0,4.0,0.0,0.0,2.0,1.0,1.0,1.0,1.0,0.0,0.0,1.0
2.0,0.2473014977401344,0.0,9.0,0.33827146290677673,1.0,2.0,1.0,1.0,0.0,4.0,0.0,0.0,2.0,1.0,3.0,1.0,1.0,1.0,0.0,0.0
0.0,-0.7445494290251102,1.0,4.0,-0.9396426382937496,1.0,2.0,4.0,0.0,0.0,4.0,0.0,1.0,0.0,1.0,1.0,1.0,1.0,0.0,0.0,0.0
0.0,-0.7445494290251102,2.0,0.0,-0.7268337063649207,1.0,2.0,4.0,0.0,0.0,2.0,0.0,1.0,2.0,1.0,1.0,1.0,1.0,0.0,0.0,0.0
1.0,1.239152424505379,3.0,9.0,1.6600199620461318,0.0,1.0,4.0,1.0,0.0,4.0,2.0,0.0,2.0,0.0,2.0,2.0,1.0,1.0,0.0,0.0
1.0,-0.7445494290251102,4.0,9.0,-0.7420343443598371,1.0,2.0,3.0,0.0,0.0,2.0,0.0,0.0,2.0,1.0,2.0,2.0,1.0,0.0,0.0,1.0
2.0,2.2310033512706235,2.0,0.0,1.8392460891024716,0.0,3.0,1.0,0.0,0.0,2.0,2.0,1.0,2.0,1.0,1.0,2.0,1.0,0.0,0.0,1.0
1.0,1.239152424505379,2.0,7.0,2.0400359119190408,0.0,2.0,2.0,1.0,0.0,4.0,3.0,0.0,2.0,2.0,1.0,1.0,2.0,1.0,0.0,1.0
3.0,-1.40578338020194,2.0,0.0,-0.6328018527219498,0.0,1.0,1.0,1.0,0.0,2.0,0.0,0.0,2.0,1.0,1.0,1.0,2.0,0.0,1.0,1.0
0.0,-0.7445494290251102,4.0,0.0,0.5510803948356058,1.0,4.0,3.0,1.0,1.0,4.0,1.0,0.0,2.0,0.0,2.0,2.0,1.0,1.0,0.0,0.0
0.0,-0.7445494290251102,4.0,0.0,-0.4108018373543341,1.0,2.0,3.0,1.0,0.0,2.0,0.0,0.0,2.0,0.0,2.0,1.0,2.0,0.0,1.0,1.0
1.0,-0.7445494290251102,4.0,9.0,-0.7141075908342931,0.0,4.0,4.0,1.0,0.0,4.0,3.0,0.0,2.0,0.0,1.0,1.0,1.0,0.0,0.0,1.0
2.0,-0.4965866973337991,3.0,6.0,-0.6264387949566359,4.0,2.0,3.0,1.0,0.0,3.0,1.0,0.0,1.0,1.0,2.0,2.0,1.0,0.0,0.0,0.0
2.0,-0.08331547784828047,0.0,1.0,1.012402082820858,2.0,4.0,3.0,1.0,0.0,4.0,2.0,0.0,0.0,1.0,2.0,2.0,1.0,1.0,0.0,1.0
1.0,-0.2486239656424879,4.0,4.0,0.9848288325044982,1.0,4.0,3.0,1.0,0.0,4.0,2.0,0.0,2.0,1.0,2.0,2.0,1.0,1.0,0.0,1.0
1.0,0.7432269611227567,1.0,1.0,1.4850358735000018,0.0,0.0,4.0,0.0,0.0,1.0,0.0,0.0,0.0,1.0,1.0,3.0,1.0,1.0,0.0,0.0
2.0,0.7432269611227567,2.0,3.0,0.19368865035047927,1.0,1.0,2.0,1.0,0.0,1.0,1.0,1.0,2.0,1.0,1.0,2.0,1.0,0.0,0.0,1.0
0.0,0.2473014977401344,2.0,1.0,-0.11315213522132073,0.0,4.0,4.0,1.0,0.0,4.0,3.0,0.0,0.0,2.0,1.0,2.0,2.0,1.0,0.0,1.0
1.0,0.4952642294314456,2.0,6.0,0.673746008422489,0.0,4.0,4.0,1.0,0.0,4.0,1.0,0.0,2.0,1.0,4.0,2.0,2.0,1.0,0.0,1.0
1.0,-0.7445494290251102,2.0,9.0,-0.6158336986811128,1.0,3.0,2.0,1.0,0.0,4.0,2.0,0.0,2.0,1.0,1.0,2.0,1.0,1.0,0.0,1.0
0.0,2.2310033512706235,2.0,9.0,0.3619561779221115,1.0,1.0,3.0,0.0,0.0,4.0,1.0,1.0,2.0,0.0,1.0,2.0,1.0,0.0,0.0,0.0
1.0,-0.2486239656424879,4.0,0.0,-0.7879897615537702,1.0,1.0,4.0,0.0,0.0,1.0,1.0,0.0,2.0,1.0,2.0,2.0,1.0,0.0,0.0,1.0
1.0,-0.2486239656424879,4.0,4.0,-0.7476903957067826,0.0,2.0,4.0,1.0,0.0,3.0,1.0,0.0,2.0,1.0,2.0,2.0,1.0,1.0,0.0,1.0
1.0,-0.4965866973337991,3.0,3.0,-0.8215725664262599,4.0,3.0,3.0,0.0,0.0,2.0,1.0,0.0,2.0,1.0,2.0,2.0,1.0,0.0,0.0,1.0
1.0,-0.9098579168193176,2.0,0.0,-0.6144196858443765,1.0,2.0,3.0,1.0,0.0,2.0,0.0,0.0,2.0,1.0,1.0,1.0,2.0,0.0,1.0,1.0
0.0,-0.9098579168193176,4.0,0.0,-0.368734955461426,1.0,1.0,1.0,1.0,0.0,3.0,0.0,0.0,2.0,0.0,2.0,1.0,2.0,0.0,1.0,1.0
1.0,-0.2486239656424879,4.0,4.0,-0.5246298707116147,1.0,2.0,4.0,1.0,0.0,2.0,2.0,1.0,2.0,1.0,2.0,2.0,1.0,0.0,0.0,1.0
0.0,-1.2404748924077325,4.0,0.0,-0.9456521928498794,1.0,3.0,4.0,0.0,0.0,3.0,1.0,0.0,2.0,1.0,2.0,2.0,1.0,0.0,1.0,1.0
1.0,-0.9098579168193176,4.0,3.0,-0.4295375074410914,0.0,2.0,2.0,1.0,0.0,1.0,2.0,0.0,2.0,1.0,2.0,2.0,1.0,0.0,1.0,1.0
2.0,0.2473014977401344,3.0,9.0,0.5047714744324885,0.0,2.0,4.0,1.0,0.0,2.0,1.0,0.0,0.0,1.0,2.0,3.0,1.0,1.0,0.0,1.0
1.0,-0.2486239656424879,2.0,4.0,-0.6472954842984979,1.0,1.0,3.0,0.0,0.0,1.0,0.0,0.0,2.0,1.0,1.0,2.0,1.0,0.0,0.0,1.0
2.0,2.2310033512706235,3.0,9.0,1.2008192933159842,0.0,2.0,4.0,1.0,0.0,4.0,3.0,0.0,2.0,2.0,1.0,2.0,2.0,1.0,0.0,1.0
0.0,-0.2486239656424879,2.0,4.0,-0.4765534342625769,0.0,3.0,2.0,1.0,0.0,4.0,2.0,1.0,2.0,0.0,2.0,1.0,1.0,0.0,0.0,1.0
1.0,-1.40578338020194,4.0,0.0,-0.6465884778801296,1.0,3.0,2.0,1.0,0.0,1.0,0.0,0.0,2.0,1.0,3.0,1.0,2.0,0.0,0.0,1.0
0.0,-0.7445494290251102,2.0,3.0,-0.7148145972526613,0.0,4.0,2.0,1.0,0.0,4.0,1.0,0.0,2.0,1.0,1.0,1.0,1.0,1.0,0.0,1.0
0.0,-0.7445494290251102,2.0,4.0,-0.913129897604942,1.0,2.0,4.0,1.0,0.0,2.0,0.0,0.0,2.0,1.0,1.0,1.0,1.0,0.0,0.0,1.0
3.0,0.7432269611227567,3.0,9.0,-0.4864515241197318,1.0,4.0,4.0,1.0,0.0,4.0,0.0,0.0,2.0,1.0,1.0,3.0,1.0,1.0,0.0,0.0
3.0,-0.2486239656424879,2.0,0.0,-0.4677158540329744,1.0,4.0,3.0,0.0,0.0,2.0,2.0,1.0,2.0,1.0,1.0,3.0,1.0,0.0,0.0,1.0
1.0,-0.9925121607164212,2.0,4.0,-0.1877413123591661,2.0,4.0,3.0,1.0,1.0,4.0,2.0,0.0,2.0,1.0,1.0,2.0,1.0,1.0,0.0,1.0
2.0,-0.9098579168193176,2.0,0.0,1.4224658054744157,1.0,0.0,2.0,1.0,0.0,4.0,3.0,0.0,0.0,2.0,1.0,3.0,1.0,1.0,0.0,1.0
0.0,1.239152424505379,2.0,3.0,0.05723641160541616,1.0,4.0,4.0,1.0,0.0,2.0,2.0,0.0,2.0,1.0,1.0,2.0,2.0,0.0,0.0,0.0
0.0,-0.7445494290251102,2.0,3.0,-0.9106553751406534,1.0,2.0,2.0,1.0,2.0,3.0,1.0,0.0,2.0,1.0,1.0,1.0,2.0,0.0,0.0,1.0
0.0,1.239152424505379,3.0,7.0,1.2736409544079093,1.0,2.0,4.0,1.0,0.0,3.0,1.0,0.0,1.0,1.0,1.0,2.0,1.0,1.0,0.0,0.0
3.0,-0.9098579168193176,4.0,4.0,-0.6847668244720126,0.0,3.0,4.0,1.0,0.0,2.0,1.0,0.0,2.0,1.0,2.0,2.0,1.0,1.0,0.0,1.0
2.0,-0.2486239656424879,4.0,0.0,-0.8484388103242516,1.0,4.0,4.0,1.0,0.0,4.0,2.0,0.0,0.0,1.0,1.0,2.0,2.0,1.0,0.0,0.0
1.0,-0.4965866973337991,2.0,0.0,0.09612176461566732,0.0,2.0,3.0,1.0,0.0,2.0,3.0,0.0,2.0,1.0,1.0,2.0,1.0,0.0,0.0,1.0
2.0,1.239152424505379,2.0,0.0,3.900523301854967,1.0,4.0,4.0,1.0,0.0,2.0,3.0,0.0,2.0,2.0,1.0,3.0,1.0,1.0,0.0,0.0
2.0,-0.4965866973337991,2.0,6.0,-0.2308687038796265,2.0,2.0,3.0,0.0,0.0,2.0,0.0,0.0,2.0,1.0,1.0,1.0,1.0,0.0,0.0,1.0
0.0,0.2473014977401344,2.0,0.0,-0.6727477153597532,0.0,2.0,4.0,0.0,0.0,2.0,1.0,0.0,2.0,1.0,1.0,2.0,1.0,0.0,0.0,0.0
0.0,0.2473014977401344,2.0,3.0,0.26014725367709035,1.0,2.0,2.0,1.0,0.0,2.0,2.0,0.0,1.0,1.0,1.0,2.0,1.0,0.0,0.0,1.0
1.0,-0.7445494290251102,4.0,9.0,-0.6617891158750461,1.0,2.0,4.0,0.0,2.0,2.0,0.0,0.0,2.0,1.0,2.0,3.0,1.0,1.0,0.0,1.0
2.0,-0.9925121607164212,2.0,3.0,-0.8364197012119922,1.0,2.0,4.0,0.0,0.0,1.0,1.0,0.0,2.0,1.0,1.0,2.0,1.0,0.0,0.0,0.0
1.0,-0.7445494290251102,4.0,3.0,0.016583542549244497,1.0,4.0,2.0,1.0,0.0,4.0,1.0,0.0,1.0,1.0,1.0,2.0,1.0,0.0,0.0,1.0
0.0,-0.2486239656424879,2.0,3.0,-0.7611235176557786,1.0,0.0,4.0,0.0,0.0,2.0,2.0,0.0,2.0,1.0,1.0,2.0,1.0,0.0,0.0,0.0
3.0,-0.4965866973337991,2.0,7.0,-1.0223623892428295,1.0,1.0,4.0,0.0,0.0,4.0,1.0,1.0,2.0,0.0,1.0,2.0,1.0,1.0,0.0,1.0
2.0,1.239152424505379,0.0,9.0,-0.4705438797064472,1.0,4.0,4.0,1.0,0.0,4.0,3.0,0.0,2.0,2.0,1.0,3.0,1.0,1.0,0.0,0.0
2.0,-0.2486239656424879,2.0,0.0,0.9127141778309414,2.0,2.0,2.0,1.0,0.0,2.0,2.0,0.0,2.0,1.0,2.0,2.0,1.0,1.0,0.0,1.0
1.0,2.2310033512706235,3.0,4.0,3.3458767666451115,3.0,3.0,4.0,1.0,0.0,1.0,2.0,0.0,2.0,1.0,1.0,3.0,1.0,1.0,0.0,1.0
0.0,-1.2404748924077325,4.0,4.0,-0.4691298668697108,1.0,3.0,1.0,0.0,0.0,4.0,2.0,0.0,2.0,1.0,1.0,2.0,1.0,0.0,0.0,1.0
3.0,-0.7445494290251102,2.0,4.0,-0.4959961107677025,1.0,2.0,2.0,0.0,0.0,2.0,2.0,0.0,2.0,0.0,1.0,1.0,1.0,1.0,0.0,1.0
1.0,-0.7445494290251102,2.0,4.0,-0.40408527637983616,2.0,3.0,3.0,1.0,0.0,1.0,3.0,0.0,2.0,1.0,1.0,2.0,1.0,0.0,0.0,1.0
1.0,-1.2404748924077325,4.0,0.0,-0.4256489721400663,3.0,2.0,1.0,1.0,0.0,2.0,2.0,1.0,2.0,1.0,1.0,2.0,1.0,0.0,0.0,1.0
2.0,0.7432269611227567,2.0,4.0,-0.5546776434922633,0.0,2.0,4.0,0.0,0.0,1.0,2.0,0.0,2.0,1.0,1.0,2.0,1.0,0.0,0.0,1.0
0.0,2.2310033512706235,2.0,0.0,1.5833097656531818,1.0,4.0,4.0,1.0,0.0,4.0,3.0,0.0,0.0,2.0,1.0,3.0,1.0,0.0,0.0,0.0
0.0,-0.7445494290251102,2.0,4.0,-0.769607594676197,1.0,2.0,2.0,1.0,0.0,2.0,0.0,1.0,2.0,0.0,1.0,3.0,2.0,1.0,0.0,1.0
1.0,-0.7445494290251102,2.0,1.0,0.4916918556926768,0.0,1.0,1.0,0.0,0.0,4.0,2.0,1.0,2.0,0.0,1.0,2.0,1.0,0.0,0.0,1.0
0.0,2.2310033512706235,1.0,9.0,1.555736515336822,1.0,3.0,2.0,0.0,2.0,4.0,2.0,0.0,2.0,0.0,1.0,2.0,1.0,0.0,0.0,0.0
0.0,-0.7445494290251102,4.0,3.0,-0.3669674394155055,1.0,4.0,3.0,1.0,0.0,3.0,1.0,0.0,2.0,1.0,2.0,2.0,1.0,0.0,0.0,0.0
2.0,-1.2404748924077325,3.0,9.0,-0.6487094971352343,2.0,4.0,1.0,1.0,0.0,2.0,2.0,0.0,0.0,1.0,2.0,2.0,2.0,0.0,0.0,1.0
1.0,0.2473014977401344,3.0,9.0,-0.3213655254307564,3.0,2.0,4.0,1.0,0.0,2.0,2.0,0.0,2.0,1.0,2.0,2.0,2.0,1.0,0.0,1.0
2.0,0.2473014977401344,4.0,9.0,-0.1622890812979108,0.0,3.0,4.0,1.0,0.0,3.0,3.0,0.0,2.0,1.0,2.0,2.0,2.0,1.0,0.0,1.0
0.0,0.7432269611227567,2.0,6.0,3.080395856547851,1.0,1.0,1.0,1.0,0.0,1.0,3.0,0.0,2.0,1.0,1.0,1.0,1.0,1.0,0.0,0.0
0.0,-0.7445494290251102,2.0,0.0,-0.7480438989159668,1.0,2.0,4.0,1.0,0.0,3.0,0.0,0.0,2.0,1.0,1.0,1.0,1.0,0.0,0.0,1.0
1.0,1.239152424505379,2.0,4.0,0.10990838977384726,1.0,4.0,4.0,1.0,0.0,2.0,2.0,0.0,2.0,1.0,1.0,2.0,1.0,0.0,0.0,1.0
1.0,0.2473014977401344,4.0,4.0,-0.3750980132267398,2.0,4.0,4.0,1.0,0.0,4.0,1.0,0.0,0.0,1.0,2.0,2.0,1.0,0.0,0.0,1.0
1.0,1.239152424505379,3.0,9.0,2.2227970710672214,1.0,1.0,1.0,1.0,0.0,1.0,2.0,0.0,2.0,1.0,2.0,2.0,1.0,0.0,0.0,0.0
1.0,1.239152424505379,4.0,3.0,1.3584817246120933,1.0,1.0,2.0,0.0,0.0,4.0,1.0,1.0,2.0,0.0,2.0,2.0,1.0,1.0,0.0,0.0
1.0,-0.7445494290251102,4.0,3.0,-0.7162286100893976,1.0,1.0,2.0,0.0,0.0,4.0,1.0,1.0,2.0,0.0,2.0,1.0,1.0,0.0,0.0,1.0
2.0,-1.1578206485106288,2.0,4.0,-0.3376266730532251,1.0,1.0,1.0,0.0,2.0,1.0,0.0,0.0,2.0,1.0,1.0,2.0,1.0,0.0,0.0,1.0
2.0,2.2310033512706235,0.0,2.0,5.352007478764887,1.0,2.0,1.0,0.0,0.0,2.0,1.0,0.0,0.0,1.0,1.0,3.0,1.0,1.0,1.0,0.0
0.0,0.2473014977401344,2.0,4.0,-0.5942700029208827,1.0,4.0,4.0,0.0,0.0,4.0,2.0,0.0,2.0,1.0,1.0,2.0,1.0,0.0,0.0,1.0
2.0,1.239152424505379,2.0,3.0,2.0326123445261746,2.0,1.0,4.0,1.0,1.0,1.0,3.0,0.0,2.0,0.0,1.0,3.0,1.0,1.0,0.0,0.0
2.0,-0.7445494290251102,4.0,5.0,-0.6575470773648369,1.0,3.0,4.0,1.0,0.0,3.0,1.0,0.0,2.0,1.0,1.0,2.0,1.0,0.0,0.0,1.0
0.0,1.239152424505379,1.0,3.0,-0.1902158348234548,1.0,4.0,4.0,1.0,0.0,4.0,2.0,0.0,0.0,1.0,1.0,2.0,1.0,0.0,0.0,0.0
0.0,-0.7445494290251102,2.0,3.0,-0.9304515548549632,1.0,4.0,4.0,0.0,0.0,4.0,1.0,1.0,2.0,0.0,1.0,2.0,1.0,0.0,0.0,1.0
0.0,-1.2404748924077325,4.0,3.0,0.035319212636001865,1.0,2.0,1.0,1.0,0.0,4.0,0.0,0.0,2.0,0.0,1.0,3.0,1.0,1.0,0.0,0.0
1.0,0.7432269611227567,2.0,1.0,0.5397682921417145,0.0,3.0,2.0,0.0,0.0,4.0,1.0,1.0,1.0,0.0,1.0,1.0,1.0,0.0,0.0,1.0
1.0,-0.7445494290251102,2.0,0.0,-0.3160629772929949,0.0,4.0,4.0,1.0,0.0,3.0,2.0,0.0,2.0,1.0,1.0,2.0,1.0,1.0,0.0,1.0
2.0,-0.9925121607164212,1.0,0.0,-0.6529515356454435,2.0,3.0,2.0,1.0,0.0,3.0,3.0,0.0,2.0,1.0,1.0,2.0,1.0,0.0,0.0,0.0
1.0,0.2473014977401344,4.0,4.0,-0.3040438681807354,0.0,4.0,4.0,1.0,0.0,4.0,1.0,0.0,2.0,1.0,2.0,2.0,1.0,0.0,0.0,1.0
2.0,2.2310033512706235,3.0,7.0,1.0392683267188498,1.0,4.0,4.0,1.0,0.0,4.0,3.0,0.0,2.0,2.0,1.0,2.0,1.0,0.0,0.0,0.0
1.0,1.239152424505379,3.0,1.0,2.0018575653271578,0.0,3.0,3.0,1.0,0.0,2.0,2.0,0.0,1.0,1.0,1.0,3.0,2.0,1.0,0.0,1.0
0.0,0.2473014977401344,2.0,0.0,-0.7066840234414269,0.0,3.0,4.0,0.0,0.0,4.0,3.0,0.0,2.0,0.0,1.0,2.0,1.0,0.0,0.0,0.0
1.0,0.2473014977401344,2.0,4.0,-0.6614356126658619,1.0,2.0,4.0,1.0,0.0,2.0,1.0,0.0,2.0,1.0,1.0,2.0,1.0,0.0,0.0,1.0
1.0,-0.0006612339511767568,4.0,3.0,-0.35212030462977323,1.0,1.0,4.0,0.0,0.0,4.0,1.0,1.0,2.0,1.0,1.0,2.0,1.0,1.0,0.0,1.0
2.0,0.2473014977401344,4.0,9.0,-0.47690693747176094,1.0,4.0,4.0,1.0,0.0,4.0,0.0,0.0,2.0,1.0,2.0,2.0,1.0,1.0,0.0,0.0
1.0,-0.9925121607164212,4.0,0.0,-0.4065597988441249,1.0,2.0,4.0,1.0,0.0,4.0,2.0,0.0,2.0,1.0,3.0,2.0,1.0,1.0,0.0,1.0
1.0,0.2473014977401344,4.0,2.0,1.0710836155454189,1.0,0.0,4.0,1.0,1.0,2.0,3.0,0.0,0.0,1.0,2.0,3.0,1.0,1.0,0.0,1.0
3.0,-0.2486239656424879,2.0,3.0,-0.14850245613973084,1.0,2.0,2.0,1.0,0.0,1.0,0.0,0.0,2.0,1.0,1.0,1.0,2.0,0.0,0.0,0.0
0.0,-0.4965866973337991,2.0,4.0,-0.7886967679721384,1.0,1.0,4.0,1.0,0.0,2.0,0.0,0.0,2.0,1.0,1.0,2.0,1.0,0.0,1.0,1.0
1.0,2.2310033512706235,4.0,4.0,0.10389883521771752,0.0,4.0,4.0,1.0,0.0,1.0,0.0,0.0,2.0,1.0,1.0,2.0,1.0,1.0,0.0,1.0
0.0,-0.2486239656424879,4.0,0.0,0.7133383678511083,1.0,4.0,2.0,1.0,0.0,4.0,3.0,0.0,2.0,2.0,3.0,3.0,1.0,1.0,0.0,1.0
0.0,-1.2404748924077325,4.0,0.0,0.13854214971775947,1.0,2.0,1.0,1.0,0.0,3.0,0.0,0.0,2.0,0.0,3.0,2.0,2.0,0.0,0.0,1.0
2.0,-0.2486239656424879,4.0,4.0,-0.5263973867575352,1.0,4.0,3.0,0.0,2.0,4.0,0.0,0.0,0.0,0.0,2.0,1.0,1.0,1.0,0.0,1.0
3.0,-0.9098579168193176,4.0,0.0,-0.8848496408702141,1.0,4.0,4.0,1.0,0.0,4.0,3.0,0.0,2.0,2.0,2.0,2.0,1.0,1.0,0.0,1.0
0.0,-0.2486239656424879,4.0,4.0,-0.4963496139768866,1.0,3.0,4.0,1.0,0.0,1.0,1.0,0.0,2.0,1.0,2.0,3.0,1.0,1.0,0.0,1.0
2.0,-0.9925121607164212,2.0,4.0,-0.4122158501910705,1.0,2.0,2.0,1.0,0.0,2.0,0.0,0.0,2.0,1.0,1.0,1.0,2.0,0.0,0.0,1.0
2.0,1.735077887888001,1.0,1.0,2.120634643613016,1.0,0.0,1.0,1.0,0.0,2.0,3.0,0.0,0.0,2.0,1.0,3.0,1.0,1.0,0.0,1.0
2.0,-0.2486239656424879,4.0,3.0,0.115917944329977,1.0,4.0,3.0,0.0,0.0,4.0,1.0,0.0,2.0,1.0,1.0,2.0,1.0,1.0,0.0,1.0
2.0,2.2310033512706235,0.0,0.0,1.7936441751177223,3.0,1.0,1.0,0.0,0.0,1.0,2.0,0.0,2.0,1.0,2.0,2.0,1.0,0.0,0.0,1.0
1.0,0.08199300994592698,2.0,4.0,-0.21531456267552598,3.0,4.0,3.0,1.0,0.0,4.0,2.0,0.0,2.0,1.0,1.0,2.0,1.0,0.0,0.0,1.0
0.0,0.991189692814068,4.0,3.0,0.3524115912741408,3.0,2.0,1.0,0.0,0.0,4.0,2.0,1.0,2.0,1.0,2.0,2.0,1.0,0.0,0.0,0.0
1.0,-0.7445494290251102,4.0,0.0,-0.7172891197169499,1.0,4.0,4.0,1.0,0.0,4.0,0.0,0.0,2.0,1.0,2.0,1.0,1.0,0.0,0.0,1.0
1.0,-0.7445494290251102,2.0,4.0,-0.4670088476146062,1.0,3.0,4.0,1.0,0.0,2.0,2.0,0.0,2.0,0.0,2.0,3.0,2.0,1.0,0.0,1.0
1.0,1.735077887888001,4.0,3.0,0.2679243242791406,3.0,2.0,4.0,1.0,0.0,4.0,0.0,0.0,2.0,1.0,2.0,2.0,1.0,1.0,0.0,1.0
0.0,-0.08331547784828047,4.0,3.0,0.3492300623914839,1.0,4.0,1.0,0.0,0.0,4.0,1.0,1.0,2.0,1.0,2.0,2.0,1.0,0.0,0.0,1.0
0.0,-0.7445494290251102,2.0,3.0,-0.24995787717556794,1.0,2.0,2.0,1.0,0.0,1.0,2.0,0.0,2.0,1.0,1.0,2.0,1.0,0.0,0.0,1.0
0.0,0.2473014977401344,4.0,9.0,-0.6723942121505689,2.0,3.0,4.0,1.0,0.0,1.0,0.0,0.0,2.0,1.0,2.0,2.0,1.0,1.0,0.0,1.0
3.0,-0.4965866973337991,4.0,4.0,-0.7116330683700043,0.0,2.0,3.0,1.0,0.0,4.0,3.0,0.0,2.0,2.0,2.0,2.0,1.0,1.0,0.0,0.0
2.0,0.2473014977401344,3.0,3.0,-0.431305023487012,1.0,0.0,3.0,0.0,0.0,2.0,1.0,0.0,2.0,1.0,1.0,3.0,1.0,1.0,0.0,0.0
0.0,0.2473014977401344,2.0,0.0,-0.3468177564920117,1.0,4.0,4.0,1.0,1.0,1.0,0.0,0.0,2.0,1.0,1.0,2.0,1.0,0.0,0.0,0.0
2.0,1.4871151561966902,3.0,7.0,2.996262092762035,2.0,3.0,2.0,1.0,0.0,3.0,3.0,0.0,2.0,0.0,1.0,2.0,1.0,1.0,0.0,1.0
1.0,-0.7445494290251102,2.0,3.0,-0.6045215959872217,1.0,2.0,4.0,1.0,0.0,2.0,0.0,0.0,2.0,1.0,1.0,2.0,1.0,0.0,0.0,1.0
2.0,-0.2486239656424879,2.0,7.0,-0.7229451710638956,0.0,2.0,4.0,1.0,0.0,4.0,3.0,0.0,2.0,2.0,1.0,2.0,1.0,0.0,0.0,1.0
1.0,0.2473014977401344,2.0,1.0,0.0720835463911484,2.0,3.0,3.0,0.0,0.0,4.0,2.0,1.0,2.0,1.0,1.0,2.0,1.0,0.0,0.0,1.0
2.0,0.7432269611227567,2.0,4.0,-0.10360754857334996,0.0,4.0,2.0,0.0,0.0,4.0,2.0,0.0,2.0,1.0,1.0,2.0,1.0,0.0,0.0,1.0
2.0,0.2473014977401344,2.0,4.0,-0.4655948347778698,1.0,4.0,4.0,0.0,0.0,4.0,2.0,1.0,2.0,1.0,1.0,2.0,1.0,1.0,0.0,1.0
1.0,0.4952642294314456,3.0,9.0,0.6479402741520496,1.0,3.0,3.0,1.0,0.0,4.0,2.0,0.0,2.0,1.0,2.0,2.0,1.0,0.0,0.0,1.0
1.0,-0.9925121607164212,2.0,9.0,-0.6487094971352343,1.0,3.0,3.0,0.0,0.0,2.0,2.0,0.0,2.0,1.0,2.0,2.0,1.0,0.0,0.0,1.0
2.0,-0.2486239656424879,2.0,9.0,-0.4846840080738112,4.0,1.0,3.0,1.0,0.0,3.0,0.0,0.0,0.0,1.0,1.0,2.0,1.0,1.0,0.0,1.0
1.0,-0.7445494290251102,2.0,0.0,-0.40691330205330895,0.0,4.0,4.0,0.0,0.0,4.0,3.0,0.0,2.0,2.0,1.0,3.0,1.0,1.0,0.0,1.0
2.0,-0.9925121607164212,1.0,1.0,0.6521823126622588,1.0,4.0,2.0,0.0,0.0,4.0,3.0,0.0,0.0,2.0,1.0,3.0,2.0,1.0,0.0,0.0
2.0,0.4126099855343418,2.0,1.0,1.6550709171175546,1.0,1.0,2.0,1.0,0.0,3.0,2.0,0.0,2.0,1.0,2.0,2.0,1.0,0.0,0.0,1.0
2.0,0.7432269611227567,2.0,3.0,0.05546889555949565,2.0,2.0,2.0,0.0,1.0,4.0,2.0,1.0,2.0,0.0,1.0,2.0,1.0,0.0,0.0,0.0
1.0,-0.2486239656424879,1.0,0.0,1.1219880776679294,1.0,4.0,2.0,1.0,0.0,4.0,3.0,0.0,0.0,1.0,2.0,3.0,2.0,1.0,0.0,0.0
2.0,0.2473014977401344,4.0,0.0,0.20994979797294794,2.0,1.0,4.0,1.0,0.0,2.0,2.0,0.0,2.0,1.0,1.0,2.0,1.0,1.0,0.0,1.0
0.0,0.2473014977401344,1.0,3.0,0.0947077517789309,1.0,3.0,3.0,1.0,0.0,4.0,2.0,0.0,0.0,1.0,1.0,2.0,1.0,0.0,0.0,0.0
0.0,-0.7445494290251102,4.0,1.0,-0.6628496255025983,1.0,4.0,4.0,1.0,0.0,3.0,0.0,0.0,2.0,1.0,1.0,2.0,1.0,0.0,0.0,1.0
1.0,0.2473014977401344,2.0,4.0,-0.8077859412680799,0.0,4.0,4.0,1.0,0.0,2.0,2.0,0.0,2.0,1.0,2.0,2.0,1.0,0.0,0.0,1.0
2.0,-0.7445494290251102,4.0,4.0,0.10213131917179703,1.0,2.0,1.0,0.0,0.0,1.0,0.0,1.0,2.0,1.0,1.0,1.0,1.0,0.0,0.0,1.0
1.0,-0.9925121607164212,4.0,7.0,-0.7211776550179749,0.0,4.0,4.0,0.0,0.0,4.0,1.0,0.0,2.0,0.0,2.0,1.0,1.0,0.0,0.0,1.0
2.0,0.4952642294314456,3.0,1.0,0.9477109955401676,1.0,4.0,1.0,1.0,0.0,2.0,2.0,0.0,2.0,1.0,2.0,3.0,1.0,1.0,0.0,1.0
0.0,-0.7445494290251102,2.0,0.0,0.12970456948815692,4.0,2.0,1.0,1.0,0.0,3.0,1.0,0.0,2.0,1.0,1.0,2.0,2.0,0.0,0.0,1.0
1.0,0.2473014977401344,2.0,9.0,-0.7162286100893976,1.0,3.0,4.0,1.0,0.0,1.0,0.0,0.0,2.0,1.0,1.0,2.0,1.0,1.0,0.0,1.0
1.0,3.2228542780358684,2.0,4.0,2.425000906720528,2.0,3.0,2.0,0.0,0.0,4.0,0.0,1.0,2.0,1.0,1.0,2.0,1.0,1.0,0.0,1.0
0.0,0.7432269611227567,4.0,1.0,1.026188707979038,2.0,3.0,1.0,1.0,0.0,4.0,2.0,1.0,2.0,0.0,2.0,2.0,1.0,0.0,0.0,1.0
0.0,-0.4965866973337991,2.0,9.0,-0.8760120606406114,1.0,2.0,4.0,0.0,0.0,4.0,1.0,1.0,2.0,1.0,1.0,1.0,1.0,0.0,0.0,1.0
2.0,-0.9098579168193176,2.0,3.0,-0.623257266073979,1.0,2.0,4.0,1.0,0.0,2.0,2.0,0.0,2.0,1.0,1.0,1.0,1.0,0.0,0.0,1.0
3.0,-0.2486239656424879,1.0,4.0,-0.6501235099719707,0.0,3.0,4.0,1.0,0.0,4.0,2.0,0.0,0.0,1.0,1.0,1.0,1.0,0.0,0.0,1.0
0.0,-1.2404748924077325,2.0,7.0,-1.0025662095285195,1.0,1.0,4.0,0.0,0.0,4.0,1.0,1.0,2.0,1.0,1.0,2.0,1.0,0.0,0.0,0.0
2.0,1.239152424505379,2.0,7.0,-0.3574228527675348,1.0,3.0,3.0,1.0,0.0,1.0,2.0,0.0,2.0,1.0,2.0,2.0,2.0,0.0,0.0,1.0
3.0,0.2473014977401344,2.0,3.0,-0.4804419695636021,1.0,2.0,2.0,1.0,0.0,2.0,0.0,0.0,2.0,1.0,1.0,2.0,1.0,0.0,0.0,1.0
2.0,-0.6618951851280065,4.0,4.0,-0.8491458167426198,1.0,1.0,4.0,1.0,2.0,4.0,0.0,1.0,2.0,1.0,2.0,2.0,1.0,0.0,0.0,1.0
0.0,-0.9925121607164212,2.0,3.0,-0.4058527924257567,1.0,2.0,3.0,1.0,0.0,2.0,0.0,0.0,2.0,1.0,1.0,2.0,1.0,0.0,0.0,1.0
1.0,2.2310033512706235,2.0,4.0,2.4525741570368877,0.0,3.0,4.0,1.0,0.0,3.0,2.0,0.0,1.0,1.0,1.0,2.0,1.0,1.0,0.0,1.0
0.0,-0.7445494290251102,2.0,7.0,-0.7367317962220755,0.0,2.0,4.0,0.0,0.0,4.0,1.0,1.0,0.0,0.0,1.0,2.0,1.0,1.0,0.0,1.0
1.0,-0.7445494290251102,4.0,7.0,-0.4199929207931207,1.0,3.0,2.0,1.0,0.0,3.0,0.0,0.0,2.0,1.0,1.0,1.0,2.0,0.0,0.0,1.0
1.0,-0.4965866973337991,2.0,0.0,-0.034674422782450205,4.0,3.0,2.0,0.0,0.0,3.0,2.0,1.0,2.0,0.0,1.0,2.0,1.0,0.0,0.0,1.0
1.0,1.4871151561966902,2.0,1.0,1.874949913230065,2.0,4.0,4.0,1.0,0.0,2.0,2.0,0.0,2.0,1.0,1.0,3.0,1.0,1.0,0.0,1.0
0.0,1.9830406195793124,0.0,9.0,3.0160582724763447,1.0,4.0,2.0,1.0,0.0,4.0,2.0,0.0,2.0,0.0,2.0,2.0,1.0,0.0,0.0,0.0
1.0,-0.08331547784828047,4.0,0.0,0.0710230367635961,0.0,1.0,2.0,1.0,0.0,4.0,0.0,0.0,2.0,1.0,2.0,2.0,1.0,1.0,0.0,1.0
1.0,0.2473014977401344,4.0,4.0,-0.24960437396638385,4.0,4.0,2.0,1.0,0.0,2.0,2.0,0.0,2.0,1.0,1.0,2.0,1.0,0.0,0.0,1.0
2.0,1.239152424505379,4.0,1.0,0.8893829660247908,1.0,2.0,3.0,1.0,0.0,4.0,2.0,0.0,2.0,1.0,2.0,2.0,1.0,1.0,0.0,1.0
3.0,0.7432269611227567,4.0,4.0,0.13147208553407744,0.0,4.0,4.0,1.0,0.0,4.0,1.0,0.0,1.0,1.0,2.0,1.0,1.0,0.0,0.0,1.0
1.0,-0.4965866973337991,2.0,5.0,-0.7148145972526613,3.0,3.0,4.0,1.0,0.0,3.0,1.0,0.0,2.0,1.0,2.0,2.0,1.0,1.0,0.0,1.0
0.0,0.2473014977401344,2.0,0.0,-0.8374802108395444,0.0,4.0,4.0,0.0,0.0,2.0,2.0,0.0,0.0,1.0,1.0,2.0,1.0,0.0,0.0,0.0
2.0,2.2310033512706235,2.0,4.0,0.24565362210054215,0.0,3.0,4.0,1.0,0.0,1.0,2.0,0.0,2.0,1.0,2.0,2.0,2.0,1.0,0.0,1.0
1.0,-0.4965866973337991,2.0,1.0,0.18661858616679725,2.0,1.0,1.0,0.0,0.0,4.0,2.0,1.0,2.0,1.0,1.0,2.0,1.0,1.0,0.0,1.0
0.0,0.4952642294314456,4.0,9.0,-0.2976808104154216,1.0,4.0,4.0,1.0,0.0,4.0,2.0,0.0,1.0,1.0,4.0,3.0,2.0,1.0,0.0,1.0
1.0,-0.7445494290251102,2.0,4.0,-0.9110088783498376,1.0,2.0,4.0,1.0,0.0,2.0,0.0,0.0,0.0,1.0,2.0,2.0,1.0,0.0,0.0,1.0
1.0,-0.9925121607164212,2.0,3.0,-0.4609992930584765,1.0,1.0,2.0,0.0,1.0,2.0,2.0,1.0,2.0,0.0,2.0,2.0,1.0,0.0,0.0,0.0
2.0,-0.7445494290251102,2.0,3.0,-0.8134419926150255,4.0,1.0,1.0,0.0,0.0,4.0,0.0,1.0,2.0,0.0,1.0,1.0,1.0,0.0,0.0,1.0
0.0,0.7432269611227567,0.0,3.0,0.4591695604477394,1.0,2.0,2.0,1.0,2.0,2.0,0.0,0.0,2.0,1.0,2.0,2.0,1.0,0.0,0.0,1.0
1.0,-0.7445494290251102,2.0,4.0,-0.35530183351243017,0.0,2.0,4.0,1.0,0.0,4.0,3.0,0.0,2.0,2.0,1.0,2.0,1.0,1.0,0.0,1.0
0.0,-0.4139324534366953,4.0,0.0,-0.2329897231347311,1.0,4.0,2.0,1.0,2.0,4.0,1.0,0.0,0.0,0.0,1.0,2.0,1.0,1.0,0.0,0.0
2.0,2.2310033512706235,2.0,4.0,0.94276195061159,1.0,2.0,2.0,0.0,0.0,2.0,0.0,1.0,2.0,1.0,1.0,2.0,1.0,0.0,0.0,0.0
0.0,-0.4965866973337991,2.0,5.0,-0.7102190555332679,0.0,2.0,4.0,0.0,0.0,2.0,2.0,1.0,2.0,0.0,1.0,2.0,1.0,0.0,0.0,0.0
0.0,-0.6618951851280065,4.0,9.0,-0.525690380339167,1.0,1.0,3.0,1.0,0.0,1.0,1.0,0.0,0.0,1.0,2.0,1.0,1.0,0.0,0.0,1.0
0.0,2.2310033512706235,2.0,5.0,-0.08239735602230389,1.0,2.0,3.0,1.0,0.0,4.0,2.0,0.0,2.0,1.0,1.0,2.0,1.0,0.0,0.0,0.0
0.0,-0.7445494290251102,4.0,4.0,-1.0248369117071179,1.0,3.0,4.0,0.0,0.0,3.0,0.0,0.0,2.0,1.0,4.0,1.0,1.0,1.0,0.0,1.0
0.0,-0.4965866973337991,2.0,0.0,-0.5525566242371587,1.0,1.0,2.0,1.0,0.0,3.0,0.0,0.0,2.0,1.0,1.0,2.0,1.0,0.0,0.0,1.0
2.0,-1.2404748924077325,3.0,0.0,-0.7335502673394186,1.0,0.0,4.0,1.0,0.0,4.0,1.0,0.0,2.0,1.0,1.0,3.0,1.0,1.0,0.0,0.0
0.0,-0.2486239656424879,1.0,3.0,-0.6119451633800878,1.0,2.0,4.0,1.0,0.0,3.0,2.0,0.0,0.0,1.0,1.0,2.0,1.0,0.0,0.0,0.0
2.0,-0.0006612339511767568,2.0,9.0,-0.7409738347322847,1.0,4.0,2.0,0.0,0.0,4.0,1.0,0.0,2.0,1.0,1.0,2.0,2.0,0.0,0.0,0.0
2.0,-0.7445494290251102,3.0,4.0,-0.954136269870298,1.0,2.0,4.0,1.0,1.0,4.0,0.0,1.0,2.0,0.0,2.0,2.0,1.0,0.0,0.0,1.0
0.0,-0.2486239656424879,2.0,0.0,-0.8159165150793143,1.0,1.0,1.0,0.0,0.0,2.0,2.0,1.0,2.0,1.0,1.0,1.0,1.0,0.0,0.0,0.0
2.0,-1.2404748924077325,1.0,7.0,-1.0078687576662813,4.0,1.0,4.0,0.0,0.0,2.0,1.0,1.0,0.0,0.0,1.0,2.0,2.0,0.0,0.0,0.0
0.0,-0.2486239656424879,4.0,0.0,0.2410580803811489,1.0,4.0,1.0,0.0,0.0,4.0,0.0,0.0,0.0,0.0,3.0,2.0,1.0,1.0,0.0,0.0
0.0,0.7432269611227567,2.0,3.0,1.0838097310760466,0.0,4.0,4.0,1.0,0.0,4.0,1.0,0.0,2.0,1.0,1.0,2.0,1.0,0.0,0.0,0.0
2.0,0.2473014977401344,4.0,7.0,0.869233283101297,1.0,1.0,2.0,0.0,0.0,4.0,3.0,1.0,2.0,2.0,2.0,2.0,1.0,1.0,0.0,1.0
1.0,-0.2486239656424879,3.0,4.0,-0.34080820193588207,1.0,0.0,2.0,1.0,0.0,3.0,0.0,0.0,2.0,1.0,2.0,2.0,1.0,0.0,0.0,1.0
1.0,3.2228542780358684,2.0,0.0,1.1463797991016325,0.0,2.0,4.0,1.0,0.0,4.0,3.0,0.0,2.0,2.0,1.0,2.0,2.0,1.0,0.0,1.0
1.0,1.239152424505379,3.0,4.0,0.4135676464629903,1.0,2.0,4.0,0.0,0.0,4.0,0.0,0.0,2.0,1.0,2.0,2.0,1.0,0.0,0.0,1.0
2.0,-0.9925121607164212,2.0,3.0,-0.8219260696354439,1.0,2.0,1.0,0.0,0.0,2.0,2.0,0.0,2.0,1.0,1.0,2.0,1.0,0.0,1.0,0.0
0.0,-0.7445494290251102,2.0,3.0,0.10814087372792676,1.0,2.0,2.0,1.0,1.0,2.0,1.0,0.0,2.0,1.0,1.0,1.0,2.0,0.0,0.0,1.0
3.0,-1.2404748924077325,4.0,0.0,-0.686180837308749,1.0,4.0,1.0,1.0,0.0,4.0,0.0,0.0,2.0,1.0,2.0,2.0,2.0,0.0,1.0,1.0
0.0,-1.2404748924077325,4.0,0.0,-0.6798177795434353,1.0,1.0,2.0,1.0,0.0,4.0,0.0,0.0,2.0,1.0,1.0,1.0,2.0,0.0,1.0,1.0
2.0,0.7432269611227567,0.0,9.0,0.3520580880649567,2.0,2.0,4.0,0.0,0.0,4.0,2.0,0.0,2.0,0.0,2.0,1.0,1.0,0.0,0.0,0.0
0.0,-0.7445494290251102,2.0,4.0,-0.9039388141661556,2.0,1.0,4.0,1.0,0.0,3.0,3.0,0.0,2.0,1.0,1.0,1.0,1.0,1.0,0.0,0.0
2.0,-0.7445494290251102,2.0,4.0,-0.6904228758189582,1.0,1.0,2.0,1.0,0.0,1.0,2.0,1.0,1.0,1.0,1.0,2.0,1.0,0.0,0.0,0.0
1.0,0.5779184733285493,1.0,1.0,1.604873461413412,0.0,1.0,3.0,1.0,2.0,4.0,0.0,0.0,0.0,0.0,2.0,2.0,2.0,1.0,0.0,1.0
3.0,-0.7445494290251102,1.0,4.0,-1.0163528346866997,4.0,2.0,3.0,0.0,0.0,3.0,0.0,0.0,2.0,0.0,2.0,2.0,1.0,0.0,0.0,1.0
2.0,0.2473014977401344,3.0,9.0,1.301921211142637,2.0,3.0,4.0,1.0,0.0,4.0,2.0,0.0,2.0,0.0,1.0,3.0,1.0,1.0,0.0,1.0
1.0,0.2473014977401344,2.0,3.0,-0.07850882072127878,3.0,4.0,4.0,1.0,0.0,3.0,3.0,0.0,2.0,0.0,1.0,2.0,1.0,1.0,0.0,1.0
0.0,-0.7445494290251102,4.0,0.0,0.07597208169217352,1.0,2.0,3.0,0.0,1.0,2.0,0.0,0.0,2.0,1.0,2.0,2.0,1.0,0.0,0.0,0.0
0.0,0.2473014977401344,2.0,4.0,-0.4585247705941877,1.0,2.0,2.0,1.0,0.0,4.0,0.0,1.0,2.0,0.0,1.0,1.0,2.0,0.0,0.0,0.0
0.0,-0.7445494290251102,2.0,3.0,-0.24960437396638385,1.0,0.0,3.0,0.0,0.0,4.0,3.0,0.0,2.0,2.0,1.0,3.0,1.0,0.0,0.0,1.0
2.0,0.2473014977401344,4.0,4.0,-0.7310757448751299,2.0,1.0,4.0,1.0,0.0,4.0,3.0,0.0,0.0,1.0,2.0,2.0,2.0,0.0,0.0,0.0
1.0,1.239152424505379,4.0,0.0,0.08869819722280117,1.0,3.0,4.0,1.0,0.0,4.0,2.0,0.0,2.0,1.0,2.0,2.0,1.0,1.0,0.0,1.0
0.0,1.735077887888001,2.0,4.0,1.3750963754437457,0.0,3.0,4.0,0.0,0.0,3.0,2.0,0.0,2.0,1.0,1.0,3.0,1.0,1.0,0.0,0.0
2.0,2.2310033512706235,0.0,9.0,3.936934132400929,1.0,2.0,2.0,1.0,0.0,2.0,2.0,0.0,2.0,1.0,1.0,2.0,1.0,1.0,0.0,0.0
2.0,0.2473014977401344,4.0,1.0,1.5815422496072615,4.0,4.0,2.0,0.0,0.0,4.0,3.0,0.0,2.0,0.0,1.0,2.0,1.0,0.0,0.0,1.0
1.0,3.2228542780358684,4.0,0.0,3.7018544982935015,0.0,4.0,2.0,1.0,0.0,4.0,3.0,0.0,0.0,2.0,1.0,3.0,1.0,1.0,0.0,1.0
2.0,1.239152424505379,2.0,7.0,0.150914762039203,0.0,2.0,2.0,1.0,0.0,2.0,2.0,0.0,2.0,1.0,1.0,2.0,1.0,0.0,0.0,1.0
3.0,-0.7445494290251102,2.0,3.0,-0.6398719169056317,1.0,1.0,4.0,0.0,0.0,1.0,1.0,0.0,0.0,1.0,1.0,3.0,1.0,1.0,0.0,1.0
1.0,-0.7445494290251102,2.0,4.0,-0.8866171569161345,1.0,2.0,4.0,1.0,0.0,2.0,0.0,0.0,2.0,1.0,1.0,2.0,1.0,0.0,0.0,1.0
1.0,0.4952642294314456,4.0,3.0,0.4390198775242457,4.0,1.0,4.0,1.0,0.0,2.0,0.0,0.0,1.0,1.0,2.0,1.0,2.0,1.0,0.0,1.0
3.0,-0.9925121607164212,2.0,4.0,-0.7628910337016991,2.0,4.0,2.0,1.0,0.0,4.0,0.0,0.0,2.0,1.0,1.0,2.0,1.0,0.0,0.0,1.0
1.0,-0.2486239656424879,4.0,7.0,-0.5020056653238322,2.0,2.0,4.0,0.0,0.0,2.0,0.0,0.0,2.0,1.0,2.0,2.0,1.0,0.0,0.0,0.0
1.0,0.2473014977401344,4.0,9.0,0.3022141355699984,2.0,2.0,3.0,1.0,0.0,3.0,1.0,0.0,2.0,1.0,2.0,1.0,1.0,1.0,0.0,1.0
0.0,0.7432269611227567,2.0,4.0,-0.2694005536806935,1.0,4.0,1.0,1.0,2.0,3.0,1.0,0.0,2.0,1.0,1.0,2.0,2.0,0.0,0.0,1.0
1.0,1.239152424505379,4.0,4.0,0.02047207785026961,0.0,4.0,4.0,1.0,0.0,2.0,2.0,0.0,2.0,1.0,1.0,2.0,1.0,1.0,0.0,1.0
1.0,0.7432269611227567,2.0,4.0,-0.50094515569628,0.0,4.0,4.0,1.0,0.0,4.0,2.0,0.0,2.0,1.0,1.0,2.0,1.0,1.0,0.0,1.0
0.0,-0.9925121607164212,4.0,6.0,-0.7056235138138746,2.0,4.0,3.0,1.0,2.0,4.0,0.0,0.0,2.0,1.0,2.0,2.0,2.0,0.0,1.0,1.0
1.0,0.2473014977401344,2.0,1.0,-0.2170820787214465,1.0,4.0,4.0,1.0,0.0,4.0,2.0,0.0,2.0,1.0,1.0,3.0,1.0,1.0,0.0,1.0
3.0,1.735077887888001,0.0,9.0,1.0622460353158163,1.0,1.0,2.0,1.0,0.0,1.0,1.0,0.0,2.0,1.0,2.0,2.0,1.0,0.0,0.0,1.0
1.0,0.2473014977401344,2.0,1.0,2.1185136243579112,0.0,2.0,2.0,1.0,0.0,4.0,3.0,0.0,2.0,2.0,1.0,2.0,1.0,1.0,0.0,1.0
2.0,-0.2486239656424879,4.0,3.0,-0.4793814599360498,1.0,1.0,2.0,1.0,0.0,2.0,0.0,0.0,2.0,1.0,2.0,1.0,1.0,0.0,0.0,0.0
1.0,0.2473014977401344,2.0,4.0,-0.3135884548287062,3.0,4.0,3.0,1.0,0.0,2.0,2.0,0.0,0.0,1.0,2.0,2.0,1.0,1.0,0.0,0.0
3.0,-0.7445494290251102,4.0,0.0,-0.6377508976505272,3.0,0.0,2.0,1.0,0.0,4.0,3.0,0.0,0.0,2.0,3.0,0.0,1.0,0.0,0.0,1.0
0.0,0.7432269611227567,2.0,3.0,-0.3104069259460493,1.0,3.0,4.0,0.0,0.0,4.0,0.0,1.0,2.0,0.0,1.0,2.0,1.0,0.0,0.0,0.0
1.0,2.2310033512706235,4.0,0.0,2.4189913521643978,3.0,2.0,2.0,1.0,0.0,2.0,3.0,0.0,0.0,2.0,1.0,2.0,1.0,0.0,0.0,0.0
0.0,-0.2486239656424879,2.0,4.0,-0.0332604099457138,1.0,2.0,2.0,0.0,0.0,2.0,0.0,1.0,2.0,1.0,1.0,2.0,1.0,0.0,0.0,0.0
1.0,-0.9098579168193176,2.0,4.0,-0.4807954727727861,1.0,2.0,1.0,1.0,0.0,4.0,1.0,0.0,2.0,1.0,1.0,2.0,1.0,1.0,1.0,1.0
0.0,-0.7445494290251102,2.0,1.0,0.03602621905437007,1.0,4.0,3.0,1.0,0.0,4.0,3.0,0.0,2.0,2.0,1.0,2.0,1.0,1.0,0.0,0.0
0.0,-1.2404748924077325,2.0,0.0,4.104848156763377,1.0,4.0,1.0,1.0,0.0,4.0,3.0,0.0,0.0,1.0,1.0,3.0,1.0,1.0,0.0,0.0
1.0,-0.4965866973337991,4.0,4.0,-0.6957254239567198,3.0,2.0,2.0,1.0,0.0,2.0,1.0,0.0,2.0,1.0,2.0,1.0,1.0,0.0,0.0,1.0
2.0,0.2473014977401344,1.0,7.0,-0.5115502519718029,1.0,3.0,4.0,0.0,0.0,4.0,3.0,0.0,0.0,2.0,1.0,1.0,1.0,0.0,0.0,0.0
1.0,-0.2486239656424879,2.0,4.0,-0.6402254201148159,1.0,1.0,3.0,1.0,0.0,4.0,0.0,0.0,2.0,1.0,1.0,2.0,1.0,1.0,0.0,1.0
1.0,0.2473014977401344,4.0,4.0,-0.5066012070432255,1.0,3.0,4.0,1.0,2.0,2.0,2.0,0.0,2.0,1.0,2.0,2.0,1.0,1.0,0.0,1.0
0.0,0.2473014977401344,1.0,3.0,1.2683384062701475,1.0,1.0,2.0,1.0,0.0,1.0,1.0,0.0,0.0,1.0,1.0,2.0,1.0,1.0,0.0,0.0
0.0,1.239152424505379,2.0,7.0,-0.4620598026860288,0.0,4.0,4.0,1.0,0.0,4.0,3.0,0.0,2.0,1.0,1.0,3.0,1.0,1.0,0.0,0.0
1.0,2.2310033512706235,4.0,9.0,1.5359403356225123,0.0,4.0,4.0,1.0,0.0,2.0,2.0,0.0,0.0,1.0,2.0,3.0,2.0,0.0,0.0,1.0
0.0,0.2473014977401344,2.0,0.0,-0.651184019599523,1.0,3.0,4.0,0.0,0.0,4.0,2.0,1.0,2.0,0.0,2.0,2.0,1.0,0.0,0.0,0.0
0.0,-0.2486239656424879,4.0,6.0,-0.7402668283139165,1.0,0.0,2.0,0.0,0.0,4.0,3.0,0.0,2.0,2.0,3.0,0.0,2.0,0.0,0.0,0.0
0.0,0.2473014977401344,4.0,4.0,-0.7257731967373684,4.0,4.0,4.0,0.0,0.0,4.0,1.0,0.0,2.0,0.0,2.0,3.0,1.0,1.0,0.0,1.0
0.0,-0.2486239656424879,2.0,3.0,-0.2906107462317396,1.0,2.0,2.0,1.0,0.0,2.0,2.0,1.0,2.0,1.0,1.0,2.0,1.0,0.0,0.0,0.0
0.0,0.2473014977401344,1.0,0.0,-0.7392063186863642,1.0,0.0,1.0,0.0,1.0,4.0,3.0,0.0,2.0,0.0,2.0,0.0,1.0,0.0,0.0,0.0
2.0,-0.7445494290251102,2.0,9.0,-0.7943528193190841,2.0,3.0,3.0,1.0,0.0,4.0,0.0,0.0,2.0,1.0,1.0,1.0,1.0,0.0,0.0,1.0
2.0,-0.2486239656424879,2.0,3.0,-0.10007251648150896,1.0,3.0,2.0,0.0,0.0,4.0,0.0,0.0,2.0,0.0,1.0,2.0,1.0,0.0,0.0,1.0
0.0,0.2473014977401344,2.0,4.0,0.13288609837081386,1.0,2.0,2.0,0.0,0.0,4.0,2.0,0.0,2.0,1.0,1.0,2.0,1.0,0.0,0.0,1.0
3.0,-0.7445494290251102,2.0,3.0,-0.36519992336958507,1.0,2.0,1.0,0.0,0.0,2.0,2.0,0.0,2.0,1.0,1.0,1.0,1.0,0.0,0.0,1.0
1.0,0.2473014977401344,2.0,3.0,0.7872205385705855,2.0,2.0,4.0,1.0,0.0,1.0,2.0,0.0,1.0,1.0,1.0,2.0,1.0,0.0,0.0,1.0
3.0,1.239152424505379,2.0,4.0,0.9063511200656276,1.0,2.0,4.0,1.0,0.0,1.0,2.0,1.0,2.0,1.0,1.0,2.0,1.0,0.0,0.0,1.0
0.0,0.2473014977401344,2.0,3.0,-0.32702157677770205,2.0,0.0,1.0,1.0,0.0,1.0,1.0,0.0,2.0,1.0,1.0,2.0,1.0,0.0,0.0,0.0
2.0,0.4952642294314456,2.0,9.0,0.2230294167127597,1.0,2.0,4.0,1.0,0.0,2.0,2.0,0.0,2.0,1.0,1.0,2.0,2.0,1.0,0.0,0.0
0.0,0.2473014977401344,2.0,1.0,-0.12729226358868476,1.0,2.0,3.0,1.0,2.0,4.0,3.0,0.0,0.0,1.0,1.0,2.0,2.0,1.0,0.0,1.0
1.0,-0.9098579168193176,2.0,1.0,-0.15415850748667648,2.0,2.0,1.0,1.0,1.0,2.0,0.0,0.0,2.0,1.0,1.0,2.0,2.0,0.0,0.0,1.0
3.0,-0.9098579168193176,2.0,0.0,-0.7225916678547115,2.0,4.0,1.0,0.0,0.0,4.0,3.0,0.0,2.0,2.0,1.0,1.0,2.0,0.0,0.0,0.0
1.0,-0.4965866973337991,2.0,0.0,0.7211154384531585,3.0,4.0,1.0,0.0,0.0,4.0,3.0,0.0,2.0,2.0,1.0,2.0,1.0,0.0,0.0,1.0
3.0,-0.0006612339511767568,2.0,0.0,-0.12764576679786888,2.0,2.0,1.0,0.0,0.0,1.0,2.0,0.0,0.0,1.0,1.0,3.0,1.0,1.0,0.0,1.0
0.0,-0.9098579168193176,4.0,3.0,-0.4072668052624929,0.0,1.0,2.0,0.0,1.0,3.0,0.0,0.0,2.0,0.0,2.0,2.0,1.0,0.0,1.0,1.0
0.0,-1.2404748924077325,4.0,0.0,0.5061854872692249,0.0,1.0,1.0,1.0,0.0,3.0,0.0,0.0,2.0,1.0,2.0,1.0,2.0,0.0,0.0,1.0
1.0,-0.7445494290251102,2.0,0.0,-0.4949356011401502,1.0,4.0,4.0,1.0,0.0,4.0,2.0,0.0,2.0,1.0,1.0,3.0,1.0,1.0,0.0,1.0
0.0,0.2473014977401344,2.0,3.0,-0.017706268741613337,1.0,1.0,4.0,0.0,0.0,4.0,0.0,1.0,2.0,0.0,1.0,1.0,1.0,1.0,0.0,0.0
2.0,2.2310033512706235,1.0,9.0,1.1071409428821972,1.0,4.0,4.0,0.0,0.0,3.0,3.0,0.0,2.0,0.0,1.0,2.0,1.0,0.0,0.0,0.0
1.0,1.239152424505379,2.0,3.0,0.022946600314558318,1.0,2.0,4.0,0.0,0.0,2.0,2.0,0.0,2.0,1.0,1.0,3.0,1.0,1.0,0.0,0.0
2.0,3.2228542780358684,2.0,0.0,1.4578161263928258,2.0,1.0,4.0,0.0,0.0,2.0,1.0,1.0,2.0,1.0,1.0,3.0,1.0,0.0,0.0,0.0
3.0,0.2473014977401344,2.0,4.0,-0.6741617281964896,2.0,4.0,4.0,0.0,0.0,2.0,3.0,0.0,2.0,2.0,1.0,2.0,1.0,1.0,0.0,1.0
1.0,-0.2486239656424879,2.0,9.0,-0.6066426152423262,2.0,2.0,3.0,0.0,0.0,4.0,1.0,1.0,2.0,0.0,1.0,1.0,1.0,0.0,0.0,1.0
1.0,0.2473014977401344,3.0,9.0,-0.10820309029274328,0.0,2.0,4.0,1.0,0.0,4.0,0.0,0.0,2.0,1.0,2.0,2.0,2.0,1.0,0.0,1.0
1.0,-1.2404748924077325,4.0,4.0,-0.5458400632626608,1.0,4.0,2.0,1.0,0.0,2.0,0.0,0.0,2.0,0.0,2.0,2.0,1.0,0.0,0.0,1.0
0.0,2.2310033512706235,2.0,1.0,0.5316377183304802,1.0,3.0,4.0,1.0,0.0,3.0,1.0,0.0,2.0,1.0,1.0,2.0,2.0,0.0,0.0,1.0
1.0,-0.9925121607164212,4.0,3.0,-0.3104069259460493,1.0,0.0,2.0,1.0,0.0,3.0,2.0,0.0,2.0,1.0,1.0,3.0,1.0,0.0,0.0,1.0
1.0,1.239152424505379,2.0,4.0,-0.3146489644562585,0.0,2.0,4.0,0.0,0.0,4.0,2.0,0.0,2.0,1.0,1.0,2.0,1.0,0.0,0.0,1.0
1.0,1.239152424505379,2.0,7.0,-0.5179133097371168,1.0,2.0,4.0,1.0,0.0,4.0,3.0,0.0,1.0,2.0,1.0,2.0,1.0,1.0,0.0,0.0
1.0,0.2473014977401344,2.0,0.0,-0.6416394329515522,2.0,4.0,4.0,1.0,0.0,4.0,0.0,0.0,2.0,0.0,1.0,1.0,1.0,0.0,0.0,1.0
1.0,-0.9925121607164212,4.0,0.0,-0.7282477192016571,1.0,2.0,3.0,1.0,0.0,1.0,0.0,0.0,2.0,1.0,2.0,2.0,1.0,0.0,0.0,1.0
2.0,-0.4965866973337991,4.0,4.0,-0.6176012147270333,0.0,4.0,4.0,1.0,2.0,4.0,0.0,0.0,2.0,1.0,2.0,2.0,1.0,1.0,0.0,1.0
0.0,-0.4965866973337991,4.0,3.0,-0.6543655484821799,1.0,2.0,4.0,0.0,0.0,3.0,1.0,0.0,2.0,0.0,2.0,2.0,1.0,0.0,0.0,1.0
0.0,-0.7445494290251102,2.0,0.0,-0.6759292442424101,1.0,3.0,2.0,1.0,0.0,3.0,2.0,0.0,2.0,1.0,1.0,2.0,1.0,0.0,0.0,0.0
1.0,-0.9925121607164212,4.0,4.0,-0.07426678221106955,0.0,2.0,1.0,1.0,0.0,2.0,0.0,0.0,2.0,1.0,2.0,2.0,2.0,0.0,0.0,1.0
1.0,0.2473014977401344,4.0,1.0,0.8907969788615272,4.0,2.0,4.0,1.0,0.0,2.0,0.0,0.0,2.0,1.0,2.0,2.0,1.0,0.0,0.0,1.0
1.0,-0.8272036729222141,4.0,4.0,-0.7529929438445442,2.0,0.0,4.0,0.0,0.0,4.0,0.0,0.0,2.0,1.0,3.0,1.0,1.0,0.0,0.0,1.0
1.0,-1.2404748924077325,2.0,1.0,-0.7240056806914479,3.0,2.0,2.0,1.0,0.0,4.0,1.0,0.0,2.0,0.0,1.0,2.0,1.0,0.0,0.0,1.0
1.0,3.2228542780358684,2.0,0.0,2.5034786191593983,1.0,4.0,2.0,1.0,0.0,4.0,1.0,0.0,2.0,1.0,1.0,3.0,1.0,1.0,0.0,1.0
2.0,-0.7445494290251102,2.0,4.0,-0.6186617243545857,1.0,1.0,1.0,1.0,0.0,1.0,0.0,1.0,2.0,0.0,1.0,2.0,1.0,0.0,0.0,0.0
2.0,1.239152424505379,3.0,9.0,0.4139211496721744,1.0,2.0,2.0,1.0,0.0,2.0,0.0,0.0,1.0,1.0,2.0,3.0,1.0,1.0,0.0,0.0
0.0,0.2473014977401344,2.0,3.0,-0.10184003252742946,0.0,2.0,2.0,1.0,0.0,4.0,2.0,1.0,2.0,1.0,1.0,2.0,1.0,0.0,0.0,0.0
2.0,-0.2486239656424879,2.0,9.0,-0.4747859182166564,4.0,2.0,4.0,1.0,0.0,2.0,1.0,0.0,2.0,1.0,1.0,1.0,1.0,1.0,0.0,1.0
1.0,-0.7445494290251102,4.0,4.0,-0.8159165150793143,0.0,4.0,4.0,1.0,0.0,4.0,2.0,0.0,2.0,1.0,2.0,2.0,1.0,0.0,0.0,1.0
1.0,-0.9098579168193176,2.0,7.0,-0.9039388141661556,3.0,4.0,4.0,1.0,0.0,4.0,3.0,0.0,2.0,2.0,1.0,2.0,1.0,1.0,0.0,1.0
1.0,-0.2486239656424879,4.0,1.0,-0.019473784787533845,0.0,0.0,2.0,1.0,0.0,4.0,3.0,0.0,2.0,1.0,1.0,3.0,1.0,1.0,0.0,1.0
1.0,-0.9925121607164212,2.0,7.0,0.19368865035047927,0.0,4.0,1.0,1.0,0.0,4.0,0.0,0.0,2.0,1.0,1.0,1.0,1.0,0.0,0.0,1.0
1.0,-0.4965866973337991,2.0,4.0,0.10036380312587652,1.0,4.0,4.0,0.0,0.0,2.0,2.0,0.0,0.0,0.0,1.0,3.0,1.0,1.0,0.0,1.0
2.0,-0.0006612339511767568,2.0,3.0,0.2445931124729899,0.0,3.0,2.0,1.0,0.0,3.0,2.0,0.0,2.0,1.0,1.0,2.0,1.0,1.0,0.0,1.0
0.0,-0.0006612339511767568,2.0,4.0,0.02577462598803113,4.0,1.0,4.0,0.0,0.0,2.0,2.0,0.0,0.0,1.0,1.0,2.0,1.0,0.0,0.0,1.0
1.0,1.239152424505379,4.0,0.0,1.6158320608981191,1.0,2.0,4.0,0.0,0.0,2.0,0.0,0.0,1.0,1.0,2.0,2.0,1.0,1.0,0.0,0.0
0.0,2.2310033512706235,2.0,4.0,1.2280390404231598,1.0,2.0,3.0,0.0,0.0,2.0,2.0,0.0,2.0,1.0,1.0,2.0,1.0,1.0,0.0,0.0
1.0,0.2473014977401344,4.0,1.0,1.2577333099946244,0.0,2.0,2.0,1.0,0.0,4.0,1.0,0.0,2.0,1.0,2.0,3.0,2.0,1.0,0.0,1.0
1.0,0.2473014977401344,2.0,0.0,0.16717590966167167,1.0,4.0,4.0,0.0,1.0,4.0,3.0,0.0,2.0,2.0,1.0,2.0,1.0,1.0,0.0,1.0
2.0,-1.075166404613525,2.0,4.0,-0.6610821094566778,1.0,2.0,4.0,1.0,2.0,2.0,0.0,0.0,2.0,1.0,1.0,2.0,1.0,0.0,1.0,1.0
0.0,3.2228542780358684,3.0,9.0,1.2556122907395195,1.0,4.0,3.0,1.0,0.0,4.0,3.0,0.0,2.0,1.0,2.0,2.0,1.0,1.0,0.0,0.0
1.0,-1.2404748924077325,4.0,3.0,-0.7293082288292094,0.0,2.0,1.0,1.0,0.0,2.0,1.0,0.0,2.0,1.0,2.0,2.0,1.0,0.0,0.0,1.0
2.0,-0.7445494290251102,2.0,4.0,-0.6363368848137907,0.0,2.0,2.0,1.0,0.0,1.0,0.0,0.0,2.0,1.0,1.0,2.0,1.0,1.0,0.0,0.0
2.0,3.2228542780358684,3.0,4.0,1.461351158484667,0.0,2.0,1.0,1.0,0.0,1.0,0.0,0.0,2.0,1.0,1.0,1.0,1.0,0.0,0.0,1.0
2.0,2.2310033512706235,2.0,0.0,1.1580454050047078,2.0,3.0,3.0,1.0,0.0,2.0,1.0,1.0,2.0,1.0,1.0,2.0,1.0,0.0,0.0,0.0
3.0,-0.9098579168193176,2.0,3.0,-0.7102190555332679,1.0,1.0,4.0,0.0,0.0,2.0,1.0,1.0,2.0,1.0,1.0,2.0,1.0,0.0,0.0,1.0
1.0,-0.7445494290251102,4.0,4.0,-0.7225916678547115,0.0,4.0,4.0,0.0,0.0,2.0,0.0,0.0,2.0,1.0,2.0,2.0,1.0,1.0,0.0,1.0
1.0,-0.4965866973337991,2.0,5.0,-0.8519738424160925,0.0,1.0,4.0,0.0,0.0,1.0,0.0,1.0,2.0,1.0,1.0,2.0,1.0,0.0,0.0,1.0
0.0,0.2473014977401344,2.0,9.0,1.1608734306781807,1.0,2.0,2.0,1.0,0.0,2.0,2.0,1.0,1.0,1.0,1.0,1.0,1.0,0.0,0.0,1.0
2.0,2.2310033512706235,0.0,9.0,0.1979306888606885,2.0,3.0,4.0,1.0,0.0,4.0,3.0,0.0,2.0,2.0,1.0,1.0,2.0,0.0,0.0,0.0
2.0,-0.7445494290251102,2.0,4.0,-0.8901521890079755,3.0,2.0,4.0,1.0,0.0,3.0,0.0,0.0,2.0,1.0,1.0,1.0,1.0,0.0,0.0,0.0
0.0,0.4952642294314456,2.0,4.0,0.04663131532989311,1.0,2.0,3.0,1.0,0.0,2.0,2.0,0.0,2.0,1.0,1.0,3.0,1.0,0.0,0.0,1.0
2.0,1.9830406195793124,2.0,4.0,-0.08946742020598591,2.0,2.0,4.0,1.0,2.0,4.0,1.0,1.0,2.0,0.0,1.0,2.0,1.0,0.0,0.0,0.0
1.0,-1.3231291363048363,2.0,9.0,0.05794341802378435,1.0,3.0,1.0,1.0,0.0,4.0,0.0,0.0,2.0,1.0,1.0,1.0,1.0,0.0,0.0,1.0
2.0,-0.8272036729222141,3.0,4.0,0.5256281637743505,1.0,3.0,2.0,1.0,0.0,4.0,1.0,0.0,2.0,1.0,1.0,2.0,1.0,0.0,0.0,1.0
1.0,2.2310033512706235,2.0,9.0,0.2226759135035756,0.0,2.0,4.0,1.0,0.0,2.0,0.0,0.0,0.0,1.0,1.0,2.0,1.0,0.0,0.0,0.0
1.0,-1.2404748924077325,2.0,4.0,-0.41575088228291146,1.0,3.0,2.0,1.0,0.0,2.0,0.0,0.0,2.0,0.0,1.0,2.0,1.0,0.0,0.0,1.0
2.0,-0.0006612339511767568,4.0,9.0,0.13005807269734104,1.0,3.0,2.0,1.0,0.0,3.0,1.0,0.0,2.0,1.0,2.0,2.0,1.0,0.0,0.0,1.0
3.0,-0.7445494290251102,3.0,0.0,-0.3666139362063214,1.0,2.0,2.0,0.0,0.0,2.0,2.0,0.0,1.0,1.0,2.0,2.0,1.0,1.0,0.0,1.0
1.0,-0.7445494290251102,4.0,4.0,-0.7045630041863223,1.0,2.0,4.0,0.0,0.0,2.0,1.0,0.0,2.0,1.0,2.0,2.0,1.0,0.0,0.0,1.0
2.0,0.2473014977401344,2.0,1.0,0.29302305213121177,3.0,1.0,3.0,0.0,0.0,4.0,2.0,0.0,2.0,0.0,1.0,2.0,1.0,0.0,0.0,0.0
1.0,-0.7445494290251102,4.0,4.0,-0.9424706639672226,1.0,4.0,4.0,1.0,0.0,4.0,0.0,0.0,2.0,1.0,1.0,2.0,1.0,0.0,0.0,1.0
2.0,0.2473014977401344,2.0,4.0,0.6362746682489742,0.0,4.0,2.0,0.0,0.0,4.0,2.0,0.0,2.0,1.0,1.0,2.0,1.0,1.0,0.0,1.0
0.0,2.2310033512706235,4.0,1.0,1.0770931701015487,1.0,4.0,4.0,1.0,0.0,4.0,3.0,0.0,2.0,2.0,2.0,2.0,1.0,1.0,0.0,0.0
2.0,-1.075166404613525,2.0,3.0,-0.7236521774822637,1.0,2.0,3.0,0.0,0.0,4.0,0.0,1.0,2.0,1.0,1.0,2.0,1.0,0.0,0.0,0.0
1.0,-0.4965866973337991,2.0,4.0,-0.7321362545026822,3.0,4.0,4.0,1.0,0.0,3.0,1.0,0.0,1.0,1.0,1.0,2.0,1.0,1.0,0.0,1.0
1.0,-0.7445494290251102,4.0,7.0,-0.913129897604942,1.0,2.0,4.0,1.0,0.0,2.0,2.0,0.0,2.0,1.0,2.0,2.0,1.0,0.0,0.0,1.0
1.0,-0.4965866973337991,2.0,3.0,-0.375805019645108,3.0,2.0,2.0,0.0,0.0,4.0,2.0,1.0,2.0,0.0,1.0,2.0,1.0,0.0,0.0,1.0
1.0,2.2310033512706235,4.0,1.0,1.9703957797097729,0.0,3.0,2.0,1.0,0.0,1.0,3.0,0.0,2.0,2.0,2.0,2.0,1.0,1.0,0.0,1.0
0.0,-0.2486239656424879,2.0,3.0,-0.2209706140224716,4.0,2.0,4.0,1.0,0.0,2.0,2.0,0.0,2.0,1.0,1.0,2.0,1.0,0.0,0.0,1.0
1.0,0.2473014977401344,2.0,1.0,-0.2139005498387896,1.0,1.0,4.0,0.0,0.0,1.0,3.0,0.0,2.0,1.0,1.0,3.0,1.0,1.0,0.0,1.0
2.0,-0.9098579168193176,1.0,4.0,-0.7904642840180589,1.0,2.0,4.0,1.0,0.0,4.0,0.0,1.0,1.0,1.0,1.0,1.0,1.0,0.0,0.0,1.0
2.0,-0.2486239656424879,3.0,3.0,0.3580676426210864,1.0,4.0,4.0,1.0,0.0,3.0,3.0,0.0,2.0,1.0,1.0,3.0,1.0,1.0,0.0,0.0
1.0,-0.4965866973337991,3.0,1.0,0.10955488656466317,1.0,1.0,1.0,0.0,0.0,2.0,1.0,0.0,2.0,1.0,2.0,1.0,1.0,0.0,0.0,1.0
1.0,1.239152424505379,0.0,6.0,-0.2372317616449403,1.0,2.0,4.0,1.0,0.0,2.0,2.0,0.0,2.0,1.0,2.0,2.0,1.0,0.0,0.0,1.0
2.0,-0.2486239656424879,2.0,6.0,0.20782877871784333,1.0,0.0,2.0,0.0,0.0,4.0,2.0,0.0,2.0,1.0,1.0,2.0,1.0,1.0,0.0,1.0
1.0,-0.7445494290251102,2.0,4.0,-0.07956933034883107,4.0,3.0,2.0,1.0,0.0,4.0,0.0,0.0,2.0,1.0,1.0,1.0,1.0,0.0,0.0,1.0
2.0,-0.4965866973337991,0.0,0.0,-0.532406941313665,1.0,1.0,2.0,0.0,0.0,1.0,0.0,0.0,2.0,0.0,2.0,0.0,1.0,0.0,0.0,0.0
1.0,-1.2404748924077325,4.0,0.0,-1.0725598449469718,4.0,2.0,2.0,0.0,0.0,2.0,0.0,0.0,0.0,1.0,2.0,1.0,1.0,0.0,0.0,1.0
0.0,-0.9925121607164212,2.0,4.0,-0.6787572699158829,1.0,3.0,3.0,1.0,0.0,4.0,0.0,0.0,2.0,1.0,1.0,2.0,1.0,0.0,0.0,1.0
2.0,-1.2404748924077325,3.0,3.0,-0.7897572775996907,1.0,0.0,4.0,1.0,0.0,1.0,1.0,0.0,1.0,1.0,2.0,3.0,1.0,1.0,0.0,1.0
2.0,-0.7445494290251102,4.0,0.0,-0.8222795728446279,1.0,3.0,2.0,1.0,0.0,3.0,0.0,0.0,2.0,1.0,2.0,1.0,2.0,0.0,0.0,1.0
2.0,-0.7445494290251102,2.0,0.0,-0.8049579155946069,4.0,2.0,4.0,1.0,0.0,1.0,0.0,1.0,2.0,1.0,1.0,2.0,1.0,0.0,0.0,1.0
2.0,0.2473014977401344,2.0,2.0,2.8435487063945035,1.0,2.0,2.0,1.0,1.0,3.0,2.0,0.0,0.0,1.0,2.0,3.0,1.0,1.0,0.0,0.0
0.0,0.2473014977401344,1.0,1.0,0.122988008513659,1.0,2.0,1.0,0.0,2.0,4.0,2.0,1.0,0.0,0.0,1.0,2.0,1.0,0.0,1.0,1.0
2.0,2.2310033512706235,2.0,4.0,-0.07921582713964698,1.0,3.0,4.0,1.0,0.0,4.0,0.0,0.0,2.0,1.0,2.0,2.0,1.0,0.0,0.0,0.0
1.0,-0.7445494290251102,4.0,4.0,-0.8791935895232684,0.0,4.0,4.0,0.0,0.0,3.0,1.0,0.0,0.0,1.0,1.0,1.0,2.0,0.0,0.0,0.0
2.0,0.2473014977401344,2.0,0.0,-0.7363782930128914,1.0,1.0,4.0,1.0,0.0,1.0,1.0,0.0,2.0,1.0,1.0,2.0,1.0,0.0,0.0,1.0
1.0,0.2473014977401344,2.0,0.0,-0.6218432532372425,4.0,3.0,4.0,0.0,0.0,3.0,2.0,0.0,2.0,1.0,1.0,2.0,2.0,1.0,0.0,1.0
2.0,-0.7445494290251102,2.0,0.0,-0.6950184175383516,4.0,4.0,4.0,1.0,0.0,4.0,0.0,0.0,2.0,1.0,1.0,2.0,1.0,1.0,0.0,1.0
1.0,2.2310033512706235,4.0,7.0,0.9989689608718622,1.0,2.0,1.0,1.0,0.0,3.0,3.0,0.0,0.0,2.0,1.0,2.0,1.0,1.0,0.0,1.0
2.0,-1.075166404613525,2.0,9.0,-0.8403082365130172,1.0,1.0,3.0,1.0,0.0,2.0,0.0,0.0,2.0,1.0,1.0,2.0,1.0,1.0,0.0,1.0
2.0,-1.2404748924077325,2.0,4.0,-0.7833942198343771,1.0,4.0,4.0,1.0,0.0,4.0,2.0,0.0,2.0,1.0,1.0,2.0,2.0,0.0,0.0,1.0
1.0,-0.7445494290251102,2.0,0.0,-0.7717286139313015,1.0,2.0,3.0,1.0,0.0,2.0,0.0,0.0,2.0,1.0,2.0,2.0,1.0,1.0,0.0,1.0
1.0,0.7432269611227567,4.0,4.0,-0.1601680620428062,1.0,2.0,4.0,0.0,0.0,2.0,2.0,0.0,2.0,1.0,1.0,2.0,1.0,1.0,0.0,1.0
1.0,0.2473014977401344,4.0,1.0,0.20641476588110694,1.0,4.0,4.0,0.0,0.0,2.0,2.0,0.0,2.0,0.0,2.0,3.0,1.0,1.0,0.0,1.0
1.0,0.2473014977401344,3.0,3.0,0.30645617408020764,2.0,2.0,2.0,1.0,0.0,3.0,1.0,0.0,2.0,1.0,2.0,2.0,1.0,0.0,0.0,1.0
2.0,-0.4965866973337991,1.0,0.0,1.2605613356680971,2.0,0.0,1.0,1.0,0.0,2.0,1.0,0.0,2.0,1.0,1.0,3.0,2.0,1.0,0.0,0.0
3.0,-1.2404748924077325,2.0,3.0,-0.41292285660943867,1.0,2.0,2.0,1.0,0.0,2.0,0.0,0.0,2.0,1.0,1.0,2.0,1.0,1.0,0.0,1.0
0.0,-0.2486239656424879,2.0,7.0,-0.8958082403549211,1.0,0.0,4.0,0.0,0.0,1.0,0.0,0.0,2.0,1.0,1.0,0.0,1.0,0.0,0.0,0.0
1.0,-0.4965866973337991,2.0,4.0,-0.4613527962676606,0.0,4.0,4.0,1.0,0.0,2.0,2.0,0.0,2.0,1.0,1.0,2.0,1.0,0.0,0.0,1.0
2.0,-0.7445494290251102,2.0,4.0,-0.12517124433358015,1.0,3.0,2.0,0.0,0.0,1.0,0.0,0.0,2.0,1.0,1.0,2.0,1.0,0.0,0.0,1.0
1.0,-0.4965866973337991,4.0,4.0,-0.6801712827526193,1.0,2.0,4.0,1.0,0.0,2.0,1.0,0.0,2.0,1.0,2.0,2.0,1.0,0.0,0.0,1.0
2.0,-0.2486239656424879,2.0,3.0,-0.4807954727727861,0.0,1.0,4.0,0.0,0.0,3.0,0.0,0.0,2.0,0.0,1.0,2.0,1.0,0.0,0.0,0.0
0.0,-0.8272036729222141,4.0,0.0,0.2194943846209187,1.0,2.0,2.0,1.0,0.0,2.0,0.0,0.0,2.0,0.0,2.0,2.0,2.0,0.0,0.0,1.0
1.0,-0.7445494290251102,4.0,3.0,0.8897364692339749,0.0,4.0,2.0,1.0,0.0,4.0,1.0,0.0,2.0,0.0,1.0,2.0,1.0,1.0,0.0,1.0
1.0,-0.2486239656424879,4.0,4.0,-0.9385821286661974,3.0,4.0,4.0,1.0,0.0,3.0,1.0,0.0,0.0,1.0,2.0,3.0,1.0,1.0,0.0,1.0
2.0,-0.2486239656424879,2.0,0.0,-0.7925853032731636,0.0,2.0,4.0,0.0,0.0,2.0,1.0,0.0,2.0,1.0,1.0,2.0,1.0,0.0,0.0,0.0
1.0,-1.2404748924077325,4.0,0.0,-1.0329674855183524,2.0,2.0,4.0,0.0,0.0,4.0,2.0,0.0,2.0,1.0,2.0,1.0,1.0,0.0,0.0,1.0
1.0,0.2473014977401344,2.0,4.0,-0.7091585459057156,1.0,4.0,4.0,1.0,0.0,1.0,0.0,0.0,2.0,1.0,1.0,3.0,1.0,1.0,0.0,1.0
1.0,-1.40578338020194,4.0,4.0,-0.6296203238392928,1.0,3.0,2.0,1.0,0.0,1.0,0.0,0.0,2.0,1.0,2.0,1.0,2.0,0.0,0.0,1.0
3.0,-1.2404748924077325,4.0,7.0,-0.7908177872272429,1.0,2.0,2.0,0.0,0.0,4.0,1.0,0.0,2.0,1.0,1.0,1.0,1.0,0.0,0.0,1.0
1.0,0.4952642294314456,2.0,0.0,-0.25243239963985664,1.0,2.0,3.0,0.0,0.0,3.0,0.0,1.0,2.0,0.0,1.0,2.0,1.0,0.0,0.0,0.0
1.0,-1.2404748924077325,2.0,4.0,-0.9778209848856326,1.0,2.0,3.0,0.0,0.0,1.0,0.0,0.0,2.0,1.0,1.0,2.0,1.0,0.0,0.0,1.0
0.0,-0.9098579168193176,4.0,0.0,-0.7939993161098999,1.0,3.0,4.0,1.0,1.0,3.0,1.0,0.0,2.0,1.0,2.0,2.0,1.0,1.0,0.0,1.0
1.0,-0.4965866973337991,4.0,3.0,-0.6236107692831631,0.0,4.0,4.0,1.0,0.0,4.0,1.0,0.0,2.0,1.0,1.0,2.0,1.0,0.0,0.0,1.0
0.0,1.239152424505379,2.0,0.0,-0.5097827359258824,1.0,1.0,4.0,0.0,0.0,4.0,2.0,0.0,2.0,1.0,1.0,2.0,1.0,1.0,0.0,0.0
0.0,1.239152424505379,2.0,1.0,1.7855136013064878,0.0,4.0,3.0,1.0,0.0,4.0,3.0,0.0,2.0,2.0,1.0,2.0,1.0,0.0,0.0,0.0
1.0,1.239152424505379,4.0,1.0,2.5427174753788333,0.0,4.0,2.0,1.0,0.0,4.0,3.0,0.0,2.0,2.0,2.0,2.0,1.0,0.0,0.0,1.0
2.0,0.7432269611227567,0.0,9.0,0.33120139872309473,1.0,2.0,2.0,0.0,0.0,1.0,2.0,0.0,2.0,1.0,2.0,2.0,1.0,0.0,0.0,1.0
0.0,-0.08331547784828047,2.0,3.0,-0.3789865485277649,0.0,3.0,4.0,1.0,0.0,4.0,2.0,0.0,2.0,1.0,1.0,2.0,1.0,1.0,0.0,1.0
2.0,-0.7445494290251102,2.0,0.0,-0.4532222224564262,1.0,3.0,3.0,1.0,0.0,4.0,1.0,0.0,2.0,0.0,1.0,2.0,2.0,1.0,0.0,1.0
2.0,0.2473014977401344,3.0,4.0,-0.6119451633800878,2.0,3.0,3.0,0.0,0.0,2.0,1.0,1.0,2.0,0.0,2.0,2.0,1.0,1.0,0.0,1.0
0.0,0.2473014977401344,1.0,3.0,-0.1612285716703585,3.0,2.0,4.0,1.0,0.0,4.0,0.0,1.0,1.0,1.0,1.0,2.0,1.0,1.0,0.0,1.0
1.0,-0.0006612339511767568,2.0,4.0,-0.04386550622123684,0.0,4.0,4.0,1.0,0.0,3.0,1.0,0.0,2.0,1.0,1.0,2.0,1.0,1.0,0.0,1.0
1.0,-0.2486239656424879,4.0,4.0,-0.3111139323644175,1.0,2.0,2.0,0.0,0.0,2.0,2.0,0.0,2.0,1.0,2.0,2.0,1.0,0.0,0.0,1.0
1.0,-0.4965866973337991,4.0,3.0,-0.17536870003772256,1.0,3.0,2.0,0.0,1.0,3.0,2.0,1.0,0.0,1.0,2.0,2.0,1.0,0.0,0.0,1.0
1.0,-0.4965866973337991,4.0,4.0,-0.6451744650433933,1.0,2.0,4.0,0.0,0.0,2.0,2.0,0.0,2.0,1.0,1.0,1.0,1.0,0.0,0.0,1.0
1.0,-0.4965866973337991,2.0,1.0,-0.7013814753036653,0.0,4.0,4.0,1.0,0.0,4.0,3.0,0.0,0.0,2.0,1.0,2.0,2.0,0.0,0.0,1.0
0.0,-0.7445494290251102,4.0,0.0,-0.9166649296967831,1.0,4.0,4.0,1.0,0.0,3.0,1.0,0.0,2.0,1.0,2.0,2.0,1.0,0.0,0.0,0.0
2.0,0.7432269611227567,3.0,9.0,-0.27611711465519145,2.0,4.0,4.0,1.0,0.0,2.0,1.0,0.0,1.0,1.0,2.0,2.0,1.0,0.0,0.0,1.0
0.0,1.239152424505379,2.0,2.0,4.444564740789298,1.0,0.0,2.0,1.0,1.0,3.0,2.0,0.0,2.0,1.0,1.0,3.0,1.0,0.0,0.0,1.0
2.0,-0.2486239656424879,4.0,4.0,-0.7208241518087909,1.0,2.0,4.0,1.0,0.0,2.0,2.0,0.0,2.0,1.0,1.0,2.0,1.0,0.0,0.0,0.0
1.0,0.2473014977401344,2.0,3.0,0.2431790996362535,1.0,3.0,2.0,0.0,0.0,4.0,1.0,0.0,2.0,0.0,1.0,2.0,1.0,1.0,0.0,1.0
3.0,0.7432269611227567,4.0,4.0,-0.09441646513456334,1.0,4.0,4.0,1.0,0.0,4.0,1.0,0.0,2.0,1.0,1.0,2.0,1.0,0.0,0.0,1.0
0.0,-0.7445494290251102,2.0,0.0,-0.8926267114722642,1.0,3.0,4.0,1.0,0.0,2.0,0.0,0.0,2.0,1.0,1.0,2.0,1.0,0.0,0.0,0.0
0.0,0.2473014977401344,2.0,4.0,-0.29874132004297393,1.0,1.0,4.0,0.0,0.0,4.0,0.0,0.0,2.0,1.0,1.0,2.0,1.0,1.0,0.0,0.0
2.0,1.9830406195793124,4.0,1.0,0.4566950379834507,2.0,0.0,3.0,1.0,0.0,4.0,2.0,0.0,2.0,1.0,1.0,2.0,1.0,0.0,0.0,1.0
0.0,-0.0006612339511767568,1.0,0.0,-0.5787158617167822,0.0,2.0,4.0,1.0,0.0,2.0,1.0,0.0,2.0,1.0,2.0,1.0,2.0,0.0,0.0,0.0
2.0,-0.2486239656424879,4.0,9.0,0.10814087372792676,1.0,0.0,3.0,1.0,0.0,3.0,2.0,0.0,2.0,1.0,3.0,0.0,2.0,1.0,0.0,1.0
2.0,-1.075166404613525,2.0,4.0,-0.8922732082630801,1.0,3.0,4.0,0.0,2.0,2.0,0.0,0.0,2.0,1.0,1.0,1.0,1.0,0.0,0.0,1.0
0.0,-0.2486239656424879,0.0,9.0,-0.06366168593554651,1.0,3.0,3.0,1.0,0.0,1.0,1.0,0.0,0.0,1.0,1.0,2.0,1.0,1.0,0.0,1.0
0.0,-1.2404748924077325,2.0,0.0,-0.7356712865945232,2.0,4.0,3.0,1.0,0.0,2.0,1.0,0.0,2.0,1.0,1.0,2.0,1.0,1.0,0.0,1.0
3.0,-1.2404748924077325,4.0,0.0,-0.7017349785128495,1.0,2.0,1.0,1.0,0.0,1.0,0.0,0.0,2.0,1.0,3.0,0.0,2.0,0.0,1.0,1.0
1.0,-0.2486239656424879,2.0,4.0,0.4630580957487646,1.0,1.0,3.0,1.0,0.0,2.0,2.0,0.0,2.0,1.0,1.0,2.0,1.0,1.0,0.0,1.0
1.0,0.2473014977401344,2.0,4.0,-0.06330818272636242,0.0,1.0,4.0,1.0,0.0,2.0,2.0,0.0,2.0,1.0,2.0,2.0,1.0,0.0,0.0,1.0
2.0,-0.2486239656424879,3.0,6.0,1.0321982625351678,1.0,2.0,2.0,1.0,0.0,4.0,0.0,0.0,2.0,1.0,1.0,1.0,2.0,1.0,0.0,1.0
1.0,0.2473014977401344,4.0,3.0,-0.4440311390176396,1.0,3.0,2.0,1.0,0.0,2.0,1.0,0.0,2.0,1.0,2.0,1.0,1.0,0.0,0.0,1.0
3.0,-0.9925121607164212,0.0,4.0,-0.6883018565638537,1.0,1.0,4.0,1.0,0.0,2.0,2.0,0.0,2.0,1.0,2.0,3.0,1.0,1.0,0.0,0.0
2.0,1.239152424505379,3.0,9.0,2.32354548568469,2.0,3.0,1.0,1.0,0.0,3.0,1.0,0.0,2.0,1.0,2.0,1.0,2.0,1.0,0.0,1.0
0.0,-1.2404748924077325,2.0,5.0,-1.0396840464928505,1.0,1.0,4.0,0.0,0.0,1.0,0.0,0.0,2.0,1.0,1.0,2.0,1.0,0.0,0.0,1.0
0.0,-1.2404748924077325,4.0,4.0,-0.7476903957067826,0.0,4.0,4.0,1.0,0.0,4.0,0.0,0.0,2.0,1.0,2.0,2.0,1.0,1.0,0.0,1.0
1.0,-0.4965866973337991,4.0,4.0,-0.6409324265331839,1.0,2.0,4.0,1.0,0.0,4.0,3.0,0.0,2.0,2.0,2.0,2.0,1.0,1.0,0.0,1.0
2.0,0.7432269611227567,3.0,4.0,-0.4825629888187066,2.0,1.0,4.0,1.0,0.0,3.0,3.0,0.0,1.0,1.0,2.0,3.0,1.0,0.0,0.0,0.0
3.0,-0.7445494290251102,4.0,0.0,-0.8289961338191261,3.0,3.0,4.0,1.0,0.0,2.0,0.0,0.0,2.0,1.0,3.0,2.0,1.0,1.0,0.0,0.0
1.0,-1.2404748924077325,3.0,4.0,-0.8314706562834147,1.0,2.0,3.0,0.0,0.0,2.0,0.0,1.0,2.0,1.0,1.0,2.0,1.0,0.0,0.0,1.0
1.0,-0.4965866973337991,4.0,7.0,-0.6193687307729538,2.0,2.0,4.0,0.0,0.0,3.0,2.0,0.0,2.0,1.0,1.0,2.0,1.0,0.0,0.0,1.0
2.0,2.2310033512706235,2.0,4.0,2.713813028623938,4.0,3.0,1.0,1.0,1.0,2.0,3.0,0.0,0.0,1.0,2.0,2.0,1.0,1.0,0.0,0.0
0.0,-0.5792409412309028,2.0,0.0,0.2435326028454376,1.0,0.0,1.0,1.0,0.0,4.0,3.0,1.0,2.0,2.0,1.0,2.0,1.0,0.0,0.0,1.0
0.0,0.5779184733285493,2.0,0.0,0.2551982087485129,1.0,2.0,3.0,1.0,0.0,2.0,2.0,0.0,2.0,1.0,1.0,1.0,1.0,0.0,0.0,0.0
1.0,1.239152424505379,4.0,1.0,0.8579211804074057,4.0,4.0,4.0,1.0,0.0,2.0,2.0,0.0,2.0,1.0,2.0,3.0,1.0,1.0,0.0,1.0
2.0,-1.2404748924077325,2.0,4.0,-0.989840093997892,1.0,3.0,3.0,1.0,2.0,3.0,0.0,0.0,0.0,1.0,1.0,1.0,1.0,0.0,0.0,1.0
0.0,-0.7445494290251102,2.0,0.0,-0.4917540722574933,1.0,2.0,4.0,0.0,2.0,4.0,1.0,0.0,2.0,1.0,1.0,2.0,1.0,1.0,0.0,1.0
1.0,-0.4965866973337991,4.0,4.0,-0.5143782776452758,1.0,4.0,4.0,1.0,0.0,4.0,2.0,0.0,2.0,1.0,2.0,2.0,1.0,1.0,0.0,1.0
0.0,0.2473014977401344,2.0,1.0,1.1647619659792057,1.0,0.0,4.0,1.0,0.0,2.0,3.0,0.0,2.0,2.0,1.0,3.0,1.0,1.0,0.0,1.0
1.0,-0.2486239656424879,4.0,4.0,-0.7727891235588539,1.0,0.0,4.0,0.0,0.0,4.0,2.0,0.0,2.0,1.0,2.0,0.0,1.0,0.0,0.0,1.0
2.0,-0.2486239656424879,2.0,4.0,-0.02512983613447946,3.0,1.0,1.0,1.0,0.0,3.0,0.0,0.0,2.0,0.0,1.0,2.0,1.0,0.0,0.0,1.0
2.0,1.239152424505379,4.0,4.0,-0.3347986473797523,1.0,4.0,4.0,1.0,0.0,4.0,0.0,0.0,2.0,1.0,1.0,2.0,1.0,0.0,0.0,1.0
2.0,0.2473014977401344,4.0,4.0,-0.5447795536351084,1.0,4.0,4.0,1.0,0.0,2.0,1.0,0.0,2.0,1.0,2.0,1.0,1.0,0.0,0.0,1.0
0.0,0.2473014977401344,2.0,3.0,0.021532587477821916,1.0,4.0,4.0,1.0,0.0,2.0,1.0,0.0,2.0,0.0,1.0,3.0,1.0,1.0,0.0,0.0
1.0,-0.7445494290251102,4.0,7.0,0.09930329349832423,0.0,1.0,2.0,1.0,0.0,1.0,1.0,0.0,2.0,1.0,2.0,1.0,2.0,0.0,0.0,1.0
0.0,-0.0006612339511767568,4.0,0.0,-0.5946235061300668,1.0,4.0,4.0,1.0,0.0,3.0,2.0,0.0,2.0,1.0,2.0,2.0,1.0,1.0,0.0,1.0
0.0,0.7432269611227567,2.0,3.0,-0.06224767309881011,1.0,1.0,2.0,1.0,0.0,4.0,1.0,0.0,2.0,1.0,1.0,1.0,1.0,0.0,0.0,0.0
0.0,-0.0006612339511767568,3.0,7.0,0.045924308911524915,1.0,1.0,2.0,1.0,0.0,1.0,1.0,0.0,2.0,1.0,2.0,2.0,1.0,0.0,0.0,0.0
1.0,0.2473014977401344,2.0,4.0,-0.6122986665892718,1.0,3.0,3.0,1.0,0.0,1.0,2.0,0.0,0.0,1.0,1.0,2.0,2.0,0.0,0.0,1.0
1.0,-1.1578206485106288,4.0,4.0,-0.9028783045386032,0.0,4.0,4.0,1.0,0.0,2.0,1.0,0.0,2.0,0.0,2.0,1.0,1.0,1.0,0.0,1.0
0.0,0.2473014977401344,3.0,0.0,-0.6897158694005899,1.0,0.0,4.0,1.0,0.0,2.0,0.0,0.0,2.0,2.0,2.0,2.0,2.0,0.0,0.0,0.0
0.0,-0.5009206479456223,2.0,9.0,-0.018051498787082343,1.0,2.0,3.952043496632261,1.0,0.0,2.916840777508659,1.0,1.0,2.0,1.0,1.0,1.0,1.0,0.0,0.0,1.0
1.0,-0.4965866973337991,2.0,1.0,-0.16533207669977473,3.0,2.0,2.0,0.0,0.0,3.5710596364319995,2.0,1.0,2.0,0.0,1.0,2.0,1.0,0.0,0.0,1.0
0.0,0.06111003361891188,2.0,0.0,-0.4263797062983862,1.0,1.0,3.8509997343836293,1.0,1.0,1.579156905567721,0.0,1.0,2.0,1.0,1.0,1.0,1.0,0.0,1.0,1.0
1.0,-1.1121402062776427,2.0,3.0,-0.5726635906259258,1.0,2.0,1.0,1.0,0.0,2.2197439359395355,2.0,1.0,2.0,1.0,1.0,2.0,1.0,0.0,0.0,1.0
2.0,0.9414580140206856,2.0,0.0,1.7093731648858306,0.0,3.0,1.0,0.0,0.0,2.0,0.0,1.0,2.0,0.0,1.0,2.0,1.0,0.0,0.0,1.0
1.0,0.19980404559975096,2.0,1.0,0.04515264643368818,2.0,3.0,2.502882526182259,0.0,0.0,3.3363426221756276,2.0,1.0,2.0,0.0,1.0,2.0,1.0,0.0,0.0,1.0
3.0,1.239152424505379,2.0,4.0,0.33497182772115053,1.0,2.0,2.0387735214619678,1.0,0.0,1.2331298282873315,2.0,1.0,2.0,1.0,1.0,2.0,1.0,0.0,0.0,1.0
2.0,0.34353584760376943,2.0,4.0,-0.12748969326596093,1.0,2.0,3.424546021787811,1.0,0.0,2.68255194515321,0.0,1.0,2.0,1.0,1.0,2.0,1.0,0.0,0.0,1.0
2.0,-0.8068627228733285,2.0,4.0,-0.8831698730284935,4.0,2.0,4.0,1.0,0.0,1.029183483196292,0.0,1.0,2.0,1.0,1.0,2.0,1.0,0.0,0.0,1.0
2.0,-0.8626696443360409,2.0,4.0,-0.8601595106709415,4.0,2.0,4.0,1.0,0.0,1.4349964326744835,0.0,1.0,2.0,1.0,1.0,2.0,1.0,0.0,0.0,1.0
1.0,-0.32808058911636473,2.0,6.0,-0.16383472991589287,2.0,3.0,3.010000397033834,0.0,0.0,4.0,0.0,1.0,2.0,1.0,1.7864962170063214,2.0,1.0,0.0,0.0,1.0
0.0,-0.5439920181407631,2.0,3.0,-0.9205398531873755,1.0,1.0,4.0,0.0,0.0,4.0,1.0,1.0,2.0,0.0,1.0,2.0,1.0,0.0,0.0,1.0
0.0,-0.6048162340606462,4.0,3.0,-0.7983030625352446,1.0,4.0,4.0,0.0,0.0,4.0,1.0,1.0,2.0,0.0,1.0,2.0,1.0,0.0,0.0,1.0
1.0,1.879947401698363,3.0,4.0,0.8371792086979436,2.0,3.0,2.979545546627687,0.0,0.0,3.272149476824727,1.0,1.0,2.0,0.0,1.8366879025855334,2.0,1.0,1.0,0.0,1.0
0.0,-0.27413563406983943,2.0,4.0,-0.5539547270530827,1.0,2.0,3.6058740499493274,1.0,0.0,2.038781324876788,0.0,1.0,2.0,0.0,1.0,1.0,1.0,0.0,0.0,1.0
0.0,-0.5232428918673979,2.0,3.0,0.12215415727040395,1.0,1.0,3.0603206887880474,0.0,0.0,3.6588322875848642,2.0,1.0,2.0,0.0,1.0,2.0,1.0,0.0,0.0,1.0
1.0,-0.6633467341844597,2.0,9.0,-0.8566860871422782,2.0,2.0,2.860813638250848,0.0,0.0,4.0,0.0,1.0,2.0,0.0,1.0,1.0,1.0,0.0,0.0,1.0
1.0,2.1010369258851234,3.0,4.0,1.6486132335655168,2.0,3.0,2.2839622212190056,0.0,0.0,3.7769156718916417,1.0,1.0,2.0,0.0,1.111592464608289,2.0,1.0,1.0,0.0,1.0
0.0,-0.2623320561841779,3.0,7.0,-0.5839714120928214,0.0,2.0,3.186542266522757,0.0,0.0,2.008573814632415,2.0,1.0,2.0,0.0,1.8704276242913767,2.0,1.0,1.0,0.0,1.0
2.0,-0.5585172663331132,2.0,0.0,-0.7186403582729951,2.0,2.0,4.0,1.0,0.0,1.1264116416274512,0.0,1.0,2.0,1.0,1.0,2.0,1.0,0.0,0.0,1.0
3.0,-0.681406972744178,2.0,7.0,-0.7776599815912781,1.0,1.0,4.0,0.0,0.0,2.8745630899274976,1.0,1.0,2.0,0.0,1.0,2.0,1.0,1.0,0.0,1.0
3.0,0.8108161919496001,2.0,4.0,-0.5828413322940353,1.0,2.0,3.254047734126498,1.0,0.0,4.0,2.0,1.0,2.0,0.0,1.0,2.0,1.0,0.0,0.0,1.0
1.0,-1.236214627718672,4.0,0.0,-0.5120709107146245,1.0,2.0,2.43465360060506,1.0,0.0,2.0,2.0,1.0,2.0,1.0,1.3889431780884884,2.0,1.0,0.0,0.0,1.0
1.0,3.2228542780358684,2.0,4.0,2.7587192993339142,1.0,3.0,2.0,0.0,0.0,4.0,2.0,1.0,2.0,1.0,1.8302300973755772,2.0,1.0,1.0,0.0,1.0
1.0,-1.1572898798242819,2.0,3.0,-0.601483900219471,1.0,2.0,1.0,1.0,0.0,3.6308776307688673,2.0,1.0,2.0,1.0,1.0,2.0,1.0,0.0,0.0,1.0
3.0,1.1416675036656705,2.0,4.0,-0.24276365397219302,1.0,2.0,2.0,1.0,0.0,2.0,0.0,1.0,2.0,0.0,1.0,2.0,1.2836759910175324,1.0,0.0,1.0
1.0,-0.4790304662309785,2.0,6.0,-0.35748177304373024,2.0,3.0,3.3927803293003422,0.0,0.0,4.0,0.0,1.0,2.0,1.0,1.119480625397057,2.0,1.0,0.0,0.0,1.0
0.0,-0.1831199287249325,4.0,3.0,0.10524223188490939,1.0,1.0,3.2239094989597223,0.0,0.0,4.0,1.0,1.0,2.0,0.0,1.7275976933914028,2.0,1.0,0.0,0.0,1.0
1.0,3.0972790783068658,2.0,4.0,0.7921236317703428,2.0,3.0,2.876288919405054,0.0,0.0,4.0,2.0,1.0,2.0,1.0,1.0,2.0,1.0,1.0,0.0,1.0
0.0,0.49652650902760503,2.0,1.0,-0.1474438127650537,0.0,3.0,1.7940913789351822,1.0,0.0,4.0,2.0,1.0,2.0,0.0,2.0,1.0,1.0,0.0,0.0,1.0
1.0,-0.9377108166184619,4.0,3.0,-0.5746148835340699,1.0,1.0,1.0,0.0,0.0,3.8972201120034136,0.0,1.0,2.0,0.0,1.1651347404366714,2.0,1.0,0.0,0.0,1.0
3.0,-0.623793176937568,2.0,7.0,-0.9535721698838694,1.0,1.0,4.0,0.0,0.0,4.0,1.0,1.0,2.0,0.0,1.0,2.0,1.0,1.0,0.0,1.0
0.0,-0.30224412018447877,2.0,3.0,-0.1083083502410443,1.0,1.0,1.5858679372613658,0.0,0.0,4.0,2.0,1.0,2.0,0.0,1.0,2.0,1.0,0.0,0.0,1.0
3.0,-0.7264478715877785,2.0,4.0,-0.4052220186802256,1.0,2.0,3.5960084882108796,1.0,0.0,4.0,2.0,1.0,2.0,0.0,1.0,2.0,1.0,0.0,0.0,1.0
0.0,-0.6523881498516702,2.0,3.0,-0.6283319739987691,1.0,1.0,4.0,1.0,2.0,1.0,1.0,1.0,2.0,1.0,1.0,1.0,1.0,0.0,0.0,1.0
1.0,-0.7589238918603791,4.0,3.0,-0.4816597287810408,1.0,1.0,1.6983831763779076,0.0,0.0,3.663099282001358,0.0,1.0,2.0,0.0,2.0,1.0,1.0,0.0,0.0,1.0
1.0,-1.1488013795717924,2.0,3.0,-0.6688541684394071,1.0,2.0,1.0,1.0,0.0,3.405066022633048,2.0,1.0,2.0,1.0,1.0,2.0,1.0,0.0,0.0,1.0
2.0,1.0156097322411308,2.0,4.0,-0.4304107564391943,1.0,3.0,2.830170349899541,1.0,0.0,4.0,2.0,1.0,2.0,0.0,1.5422066077661962,2.0,1.0,0.0,0.0,1.0
2.0,-0.6727380383740444,2.0,0.0,-0.7792530146916444,2.0,2.0,4.0,1.0,0.0,1.8778917644585629,0.0,1.0,2.0,1.0,1.0,2.0,1.0,0.0,0.0,1.0
1.0,-1.1499814548791607,4.0,4.0,-0.7775192374264573,1.0,2.0,1.8663362166996127,0.0,0.0,1.568536473149547,0.0,1.0,2.0,1.0,1.0,2.0,1.0,0.0,0.0,1.0
3.0,1.239152424505379,2.0,4.0,0.23304466794178694,1.0,2.0,2.145558507015592,1.0,0.0,1.3783758299261137,0.0,1.0,2.0,1.0,1.0,2.0,1.0,0.0,0.0,1.0
0.0,-0.5339537999821926,2.0,3.0,-0.08679171349072523,1.0,1.0,1.0031958379522874,0.0,0.0,3.537944313672179,2.0,1.0,2.0,0.0,1.0,2.0,1.0,0.0,0.0,1.0
1.0,-0.9908036675307075,4.0,3.0,-0.6673906642529401,1.0,1.0,1.0,0.0,0.0,3.0,0.0,1.0,2.0,0.0,1.9872137617503332,1.0,1.4730227519101238,0.0,0.0,1.0
3.0,-0.9753034522727821,2.0,5.0,-0.7846754409156727,1.0,1.0,1.2196357907471986,0.0,0.0,4.0,0.0,1.0,2.0,0.0,1.0,2.0,1.0,1.0,0.0,1.0
2.0,-0.6831765200487513,1.0,3.0,-0.4046445678830046,1.0,2.0,4.0,1.0,0.0,4.0,0.0,1.0,1.0,1.0,1.0,1.0,1.0,1.0,0.0,1.0
0.0,-0.7445494290251102,2.0,3.0,-0.5924685164189392,1.0,2.0,4.0,1.0,2.0,1.8944564297567068,1.0,1.0,2.0,1.0,1.0,1.0,1.0,0.0,0.0,1.0
0.0,-0.4574642489944536,2.0,3.0,-0.15817249783665363,1.0,1.0,1.5145854302246264,0.0,0.0,4.0,2.0,1.0,2.0,0.0,1.0,2.0,1.0,0.0,0.0,1.0
0.0,-0.6971697572845312,4.0,3.0,0.13184028863533176,1.0,4.0,1.155391128092648,0.0,0.0,4.0,1.0,1.0,2.0,0.0,1.6742347930284367,2.0,1.0,0.0,0.0,1.0
3.0,-0.6574197160130945,2.0,7.0,-0.8052563943735983,1.0,1.0,4.0,0.0,0.0,2.540616295610464,1.0,1.0,2.0,0.0,1.0,2.0,1.0,1.0,0.0,1.0
